,name,address,international_phone_number,url,rating,reviews_count,language,comment,phone_1,phone_2,e-mail_1,e-mail_2,message,email_2
0,Inmogestion Araia,"Coronación de la Virgen Blanca Kalea, 1, 01012 Vitoria-Gasteiz, Araba, España",+34699471686,http://www.inmogestionaraia.es/,4.6,62.0,es,Google reviews: 4.6* / 62,,,,,"error: {Transform failed, HTML does not have valid markup.}",
1,Inmo Arquillos - INMOBILIARIA EN VITORIA GASTEIZ,"General Alava Kalea, 6, 01005 Vitoria-Gasteiz, Araba, España",,http://www.inmoarquillos.com/,4.9,29.0,es,Google reviews: 4.9* / 29,+34945170256,+34638235075,comercial@inmoarquillos.com,,success,
2,Bengoa Inmobiliaria | ALQUILER CON PROTECCIÓN TOTAL | VENTA DE INMUEBLES CON MARKETING DIGITAL 360,"C. de los Herrán, 41, 01002 Vitoria-Gasteiz, Álava, España",,http://www.bengoainmobiliaria.com/,4.8,256.0,es,Google reviews: 4.8* / 256,+34945097812,,info@bengoainmobiliaria.com,,succes,
3,General Inmobiliaria,"Sancho el Sabio Kalea, 16, 01008 Vitoria-Gasteiz, Araba, España",,https://www.generalinmobiliaria.com/,4.7,173.0,es,Google reviews: 4.7* / 173,+34945234900,,vitoria@generalinmobiliaria.com,,success,
4,Perales Digital,"Calle Ramon Ortiz de Zarate, 1, 01005 Vitoria-Gasteiz, Araba, España",,http://www.peralesdigital.com/,4.7,340.0,es,Google reviews: 4.7* / 340,+34945151617,,inmobiliaria@peralesdigital.com,,success,
5,Fincas Uleta,"Ramón, Calle Ramon Ortiz de Zarate, 7, 01005 Vitoria-Gasteiz, Araba, España",,http://www.fincasuleta.com/,4.4,155.0,es,Google reviews: 4.4* / 155,+34945155555,+34678623040,info@fincasuleta.com,,succes,
6,Engel & Völkers - Agencia Inmobiliaria en Vitoria Gasteiz,"Independentzia Kalea, 18, 01005 Vitoria-Gasteiz, Araba, España",+34945141170,https://www.engelvoelkers.com/es/es/shops/vitoria-gasteiz,4.7,129.0,es,Google reviews: 4.7* / 129,+34900747281,,spain.dp@engelvoelkers.com,,success,
7,Vivir en Vitoria Servicios Inmobiliarios,"Portal de Foronda Kalea, 54, 01010 Vitoria-Gasteiz, Araba, España",,http://vivirenvitoria.com/,4.9,172.0,es,Google reviews: 4.9* / 172,+34945144122,+34677814249,vivirenvitoria@vivirenvitoria.com,,success,
8,Inmobiliaria Senda,"Gaztelako Atea, 1, 01007 Vitoria-Gasteiz, Araba, España",,http://www.inmobiliariasenda.com/,4.3,43.0,es,Google reviews: 4.3* / 43,+34945269925,,infoastri@ainmobiliariasenda.com,,success,
9,YAINMO INMOBILIARIA,"Badaia Kalea, 29, 01012 Vitoria-Gasteiz, Araba, España",,http://www.yainmoinmobiliaria.com/,4.5,65.0,es,Google reviews: 4.5* / 65,+34945043601,+34656350722,yainmo@yainmoinmobiliaria.com,inmo@inmomove.com,"too many offices, not giving contacts to avoid misunderstanding",
10,inmoprotec® Vitoria-Gasteiz,"C. de los Herrán, 31, 01002 Vitoria-Gasteiz, Álava, España",+34945339727,http://www.inmoprotec.com/,4.8,497.0,es,Google reviews: 4.8* / 497,,,,,error: {} No contact information such as phone numbers or email addresses found on the page.,
11,Fincas Imara,"General Alava Kalea, 7, Galerías Itaca, 01005 Vitoria-Gasteiz, Araba, España",,https://www.fincasimara.com/,4.7,45.0,es,Google reviews: 4.7* / 45,+34945148828,,info@fincasimara.com,,success,
12,Inmobiliaria Estupiso - Vende o compra tu casa sin estrés,"Olagibel Kalea, 56, 01003 Vitoria-Gasteiz, Araba, España",,https://www.estupiso.com/,4.4,221.0,es,Google reviews: 4.4* / 221,+34945260900,+34987308225,mperez@estupiso.com,,success,alopez@estupiso.com
13,Mirari Home,"Errege Atea, 18, 01001 Vitoria-Gasteiz, Araba, España",,http://www.mirarihome.es/,5.0,30.0,es,Google reviews: 5* / 30,+34656757905,,,,success,
14,INMOMOVE,"Badaia Kalea, 29, 01012 Vitoria-Gasteiz, Araba, España",,http://www.inmomove.com/,5.0,2.0,es,Google reviews: 5* / 2,+34656350722,+34665452421,contacto@inmomove.com,,success,
15,Inmobiliaria Pantikosa,"C. Jesús Guridi, 6, 01004 Vitoria-Gasteiz, Álava, España",,https://www.pantikosa.com/,4.4,48.0,es,Google reviews: 4.4* / 48,+34945271100,+34609453464,,,success,
16,Fincas Izarra,"La, Florida Kalea, 29, 01005 Vitoria-Gasteiz, Araba, España",,http://www.fincasizarra.com/,3.7,21.0,es,Google reviews: 3.7* / 21,+34945136190,,,,success,
17,Pisos y Más - Inmobiliaria en Vitoria-Gasteiz,"Abendaño Kalea, 13, 01008 Vitoria-Gasteiz, Araba, España",,https://www.pisosymas.es/,4.4,38.0,es,Google reviews: 4.4* / 38,+34945566133,+34945566133,info@pisosymas.es,,"error: {too many office contacts, only returning one of each type}",
18,Grupo Rioja Vitoria Gasteiz,"Errioxa K., 19, 01005 Vitoria-Gasteiz, Araba, España",,http://www.riojainmobiliaria.com/,3.7,42.0,es,Google reviews: 3.7* / 42,+34945121717,,rioja@riojainmobiliaria.com,,success,
19,INMOBILIARIA FINCAS ANITUA,"Diputación Foral de Alava Kalea, 1, 01001 Vitoria-Gasteiz, Araba, España",,http://www.inmobiliaria-anitua.com/,3.9,36.0,es,Google reviews: 3.9* / 36,+34945250400,+34602627812,anitua@fincasanitua.com,,success,
20,AREA NORTE,"Sancho el Sabio Kalea, 10, 01008 Vitoria-Gasteiz, Araba, España",,http://www.areanorteinmobiliaria.com/,4.8,94.0,es,Google reviews: 4.8* / 94,+34945150117,,info@areanorteinmobiliaria.com,,success,
21,Inmobiliaria Roma,"Calle de, Mateo Benigno de Moraza Kalea, 1, 01001 Vitoria-Gasteiz, Araba, España",,http://www.inmobiliariaroma.com/,4.1,55.0,es,Google reviews: 4.1* / 55,+34945231350,+34629882916,infoastri@ainmobiliariaroma.com,,success,
22,Contrasta Servicios Inmobiliarios & Interiorismo,"Calle Ramon Ortiz de Zarate, 4, 01005 Vitoria-Gasteiz, Araba, España",,https://www.inmocontrasta.com/,5.0,21.0,es,Google reviews: 5* / 21,+34945105779,+34614240374,info@inmocontrasta.com,,success,
23,Alangua Viviendas,"San Prudencio Kalea, 4, 01005 Vitoria-Gasteiz, Araba, España",,http://www.inmobiliariaalangua.com/,4.2,33.0,es,Google reviews: 4.2* / 33,+34945134321,,infoastri@ainmobiliariaalangua.com,,success,
24,Etikalia,"C. de los Herrán, 49, 01002 Vitoria-Gasteiz, Álava, España",,https://etikalia.es/,4.7,68.0,es,Google reviews: 4.7* / 68,+34946009251,+34945041113,info@etikalia.es,,"too many offices, not giving contacts to avoid misunderstanding",vitoria@etikalia.es
25,Fincas Mendoza,"Provincia Plaza, 2, 01001 Vitoria-Gasteiz, Araba, España",,http://www.fincasmendoza.com/,4.4,8.0,es,Google reviews: 4.4* / 8,+34945121720,,infoastri@afincasmendoza.com,,success,
26,Liben,"C, General Alava Kalea, 2, 01005 Vitoria-Gasteiz, Álava, España",,http://www.liben.es/,4.1,105.0,es,Google reviews: 4.1* / 105,+34945029048,+34617654540,info@liben.es,,success,
27,Trivinsa Inmobiliaria,"Eduardo Dato Kalea, 38-A, 01005 Vitoria-Gasteiz, Araba, España",,http://www.trivinsa.com/,3.6,63.0,es,Google reviews: 3.6* / 63,+34945151515,,vitoria@trivinsa.com,,succes,
28,Gestion Urbanistica Álava 2000,"San Antonio Kalea, 2, 01005 Vitoria-Gasteiz, Araba, España",+34945154829,http://www.gual2000.com/,4.2,20.0,es,Google reviews: 4.2* / 20,,,,,error: {No contact information found on the webpage},
29,Inmobiliaria Etxe Polite,"Bake kalea, 5, 01004 Vitoria-Gasteiz, Araba, España",+34945156553,,2.5,74.0,es,Google reviews: 2.5* / 74,,,,,error: No contact information found.,
30,Inmobel,"Canciller Ayala Kalea, nº4, bajo, 01004 Vitoria-Gasteiz, Araba, España",+34652774549,http://inmobelvitoria.com/,3.9,10.0,es,Google reviews: 3.9* / 10,,,,,error: Unable to access the contact page due to a request error (status code 599),
31,Inmobiliaria Agurain,"Fueros Kalea, 22, 01200 Agurain / Salvatierra, Araba, España",,http://www.inmobiliaria-agurain.com/,3.8,51.0,es,Google reviews: 3.8* / 51,+34945300480,+34676434183,info@inmobiliaria-agurain.com,,succes,
32,SAREAM | Servicios Inmobiliarios & Financieros,"Pl. de España, 13, 2, 01001 Vitoria-Gasteiz, Álava, España",+34945580609,https://www.saream.es/,5.0,2.0,es,Google reviews: 5* / 2,,,,,error: {No contact information found in the provided content.,
33,Inmoaraba,"Domingo Beltran de Otazu Kalea, 44, 01012 Vitoria-Gasteiz, Araba, España",,http://www.inmoaraba.com/,2.5,13.0,es,Google reviews: 2.5* / 13,+34945156840,,info@inmoaraba.com,inmoaraba@inmoaraba.com,success,
34,Fincas Urizar S.L.,"Joaquin Jose Landazuri Kalea, 13, 01008 Vitoria-Gasteiz, Araba, España",+34945142425,,3.8,18.0,es,Google reviews: 3.8* / 18,,,,,error: No contact information found.,
35,MundoInmobiliario,"Bake kalea, 5, 01004 Vitoria-Gasteiz, Araba, España",+34649365816,,3.6,29.0,es,Google reviews: 3.6* / 29,,,,,error: No contact information found.,
36,Mountain View Real Estate,"General Alava Kalea, 28, 01005 Vitoria-Gasteiz, Araba, España",,https://www.mure.es/contacto/,2.2,41.0,es,Google reviews: 2.2* / 41,+34945230677,,info@mvre.es,,success,
37,NAYSA Servicios Inmobiliarios,"Av. Santiago, 25, 01003 Vitoria-Gasteiz, Álava, España",,http://www.naysainmobiliaria.com/,3.9,39.0,en,Google reviews: 3.9* / 39,+34945201760,+34638575733,info@naysainmobiliaria.com,,success,
38,PisosVitoria.com,"C. El Prado, 6, Of-2, 01005 Vitoria-Gasteiz, Álava, España",,https://www.pisosvitoria.com/,4.6,120.0,es,Google reviews: 4.6* / 120,+34945274742,,info@pisosvitoria.com,,success,
39,Belén Urrutxi Casas a Punto Álava,"Fundadora de las Siervas de Jesus Kalea, 19, 01001 Vitoria-Gasteiz, Araba, España",,http://www.belenurrutxi.com/,4.5,25.0,es,Google reviews: 4.5* / 25,+34945095813,+34625704822,hola@belenurrutxi.com,,success,
40,Fincas Arriaga,"Arriagako Atea Kalea, 5, 01012 Vitoria-Gasteiz, Araba, España",,http://www.fincasarriaga.com/,3.2,51.0,es,Google reviews: 3.2* / 51,+34945154118,+34603591113,infoastri@afincasarriaga.com,,success,
41,Siv Gasteiz,"Monseñor Estenaga Kalea, 01002 Vitoria-Gasteiz, Araba, España",+34945561939,,2.2,25.0,es,Google reviews: 2.2* / 25,,,,,error: No contact info found,
42,InmoVITORIA,"Av. Gasteiz, 90, 01012 Vitoria-Gasteiz, Álava, España",,http://inmovitoria.com/,4.6,33.0,es,Google reviews: 4.6* / 33,+34696598726,,inmo@globalzom.com,,success,
43,comprarcasa Ábside,"Fundadora de las Siervas de Jesus Kalea, 7, 01001 Vitoria-Gasteiz, Araba, España",+34945022022,https://www.comprarcasa.com/,3.0,2.0,es,Google reviews: 3* / 2,+34912063787,,comprarcasa@comprarcasa.com,,succes,
44,FINCAS MAJUELO,"San Frantzisko K., 5, 01001 Vitoria-Gasteiz, Araba, España",+34945232911,,2.7,3.0,es,Google reviews: 2.7* / 3,,,,,error: {} No contact information found.,
45,Coisa Gestión de Inmuebles S.L,"Askatasun Kalea, 6, 01002 Vitoria-Gasteiz, Araba, España",,http://www.libertad6gestion.com/,4.0,1.0,es,Google reviews: 4* / 1,+34945270577,,info@libertad6gestion.com,,success,
46,Piso acogedor y tranquilo en el centro de Gasteiz,"Navarro Villoslada Kalea, 6, 01012 Vitoria-Gasteiz, Araba, España",+34605737134,https://www.alojazmientos.com/,,,es,Google reviews: * / None,+34699078580,,alojazmientos@gmail.com,,success,
47,Piso Segur,"Pl. de España, 13, 2º, 01001 Vitoria-Gasteiz, Álava, España",+34682339328,,5.0,1.0,es,Google reviews: 5* / 1,,,,,error: no contact information found,
48,Alquiler de Confianza Vitoria,"Julian de Apraiz Kalea, 23, 01012 Vitoria-Gasteiz, Araba, España",+34945492008,https://www.alquilerdeconfianza.com/seguro-impago-alquiler-vitoria/,,,en,Google reviews: * / None,+34678999-8212,,info@alquilerdeconfianza.com,,success,
49,Adania,"Plaza Amárica, 5, 01005 Vitoria-Gasteiz, Araba, España",+34945143308,http://www.adania.es/,2.5,51.0,es,Google reviews: 2.5* / 51,,,,,error: {} No contact information found on the webpage.,
50,Fincas 20 20,"C. Florida, 17-1º, Oficina 1, 01005 Vitoria-Gasteiz, Álava, España",,http://fincas2020.com/,4.8,4.0,es,Google reviews: 4.8* / 4,+34688757562,,info@fincas2020.com,,success,
51,Pisos en venta y alquiler en Vitoria,"Portal del Rey, 3, oficina 9, 01001 ALAVA, Álava, España",,,,,es,Google reviews: * / None,,,,,error: {} No contact information found in the provided content.,
52,Avenida Inmobiliaria,"Av. Gasteiz, 44, 01008 Vitoria-Gasteiz, Álava, España",,http://www.avenidainmobiliaria.com/,3.6,65.0,es,Google reviews: 3.6* / 65,+34945158202,,avenida@avenidainmobiliaria.com,,success,
53,"Piso céntrico, perfecto para familias con niños","Coronación de la Virgen Blanca Kalea, 26, 01012 Vitoria-Gasteiz, Araba, España",+34605737134,https://www.alojazmientos.com/,,,es,Google reviews: * / None,+34699078580,,alojazmientos@gmail.com,,success,
54,UVICAMP INMOBILIARIA Y TRANSACCIONES AGRICOLAS,"PASEO SANCHO ABARCA, S/N, bajo. 01300, 01300 Laguardia, Araba, España",,https://www.uvicamp.es/,4.4,15.0,es,Google reviews: 4.4* / 15,+34945600612,+34676787908,,,success,
55,Inmobiliaria Proal S.A.,"San Prudencio Kalea, 8, 01005 Vitoria-Gasteiz, Araba, España",+34945142478,,1.0,1.0,es,Google reviews: 1* / 1,,,,,error: No contact information found.,
56,versátile,"Joaquin Jose Landazuri Kalea, 13, 01008 Vitoria-Gasteiz, Araba, España",+34945141409,,4.5,2.0,es,Google reviews: 4.5* / 2,,,,,error: No contact information found on the page.,
57,Iradier Inmobiliaria,"Manuel Iradier Kalea, 58, 01005 Vitoria-Gasteiz, Araba, España",,https://iradierinmobiliaria.com/,4.9,118.0,es,Google reviews: 4.9* / 118,+34945660466,,info@iradierinmobiliaria.com,,success,
58,INMOBILIARIA FOURNIER,"Txirula,1 (Esq.Heraclio Fournier,2, 01006 Vitoria-Gasteiz, Álava, España",+34636959717,,4.7,92.0,es,Google reviews: 4.7* / 92,,,,,error: No contact information found.,
59,INMO GASTEIZ A&M,"Errioxa K., 22, Bajo, 01005 Vitoria-Gasteiz, Araba, España",,http://alquilerymediacion.com/,3.0,62.0,es,Google reviews: 3* / 62,+34945002629,+34688714495,oficina@alquilerymediacion.com,,succes,
60,Inmolakua,"Av. Gasteiz, 71, Txagorritxu, 01009 Vitoria-Gasteiz, Álava, España",,http://www.inmolakua.com/,4.7,40.0,es,Google reviews: 4.7* / 40,+34945107109,+34609010016,info@inmolakua.com,,success,alberto@inmolakua.com
61,Inmobiliaria Agurain,"El Pilar, 3, 01012 Vitoria-Gasteiz, Araba, España",+34623272885,http://www.inmobiliaria-agurain.com/,3.7,7.0,es,Google reviews: 3.7* / 7,+34945300480,+34676434183,info@inmobiliaria-agurain.com,,success,
62,RK Vitoria inmobiliaria,"C. Jesús Guridi, 1, 01004 Vitoria-Gasteiz, Álava, España",,https://www.inmobiliariavitoria.com/,5.0,9.0,es,Google reviews: 5* / 9,+34945202863,,asesor@inmobiliariavitoria.es,,success,
63,ARBELLA Inmobiliaria y Administración de Fincas,"Esquina con Florida, Angulema Kalea, 12, 01004 Vitoria-Gasteiz, Araba, España",,https://www.arbella.eus/,3.0,44.0,es,Google reviews: 3* / 44,+34945250835,,saleta@arbella.eus,,success,info@arbella.eus
64,Inmo Vitoria Local Disponible,"Cl. Reyes Católicos, 9, 01013 Vitoria-Gasteiz, Álava, España",,,,,es,Google reviews: * / None,,,,,error: No contact information found.,
65,Compramostupisovitoria,"Martxoak 8 Etorbidea, 17A, Salburua, 01002 Vitoria-Gasteiz, Álava, España",,,5.0,1.0,es,Google reviews: 5* / 1,,,,,error: No contact information found.,
66,Fincas Zubiri Servicios Inmobiliarios,"En supermercado Eroski, Av. Santiago, 47, 01003 Vitoria-Gasteiz, Álava, España",,https://fincaszubiri.com/,4.5,2.0,es,Google reviews: 4.5* / 2,+34945001283,+34945158081,info@fincaszubiri.com,,"too many offices, not giving contacts to avoid misunderstanding",
67,"Inversiones y Servicios Arrasate, S.A.","La, Florida Kalea, 64, 01004 Vitoria-Gasteiz, Araba, España",,http://www.grupoarrasate.com/,4.0,1.0,es,Google reviews: 4* / 1,+34946790381,+34943771411,info@grupoarrasate.com,,success,arrasate@grupoarrasate.com
68,Zadure,"Alberto Schommer Kalea, 3, bajo, 01006 Vitoria-Gasteiz, Araba, España",+34945220450,,,,es,Google reviews: * / None,,,,,error: No contact information found.,
69,Apartamentos Aola,"Francia Kalea, 7, 01002 Vitoria-Gasteiz, Araba, España",+34945256757,,3.7,6.0,es,Google reviews: 3.7* / 6,,,,,error: No contact info found in the provided data.,
70,Prolux Internacional S L,"Casa Blanca Pol., 01300, Araba, España",+34945625507,,5.0,1.0,es,Google reviews: 5* / 1,,,,,error: {} No contact information found.,
71,Gestoría Anitua,"Jose Mardones Kalea, 16, 01003 Vitoria-Gasteiz, Araba, España",+34945286655,http://www.gestoriaanitua.com/,3.7,35.0,es,Google reviews: 3.7* / 35,,,,,error: couldn't access the webpage or the page might be down.,
72,Ofi Araba,"01002 Vitoria-Gasteiz, Álava, España",,,,,es,Google reviews: * / None,,,,,error: No contact information available in the provided data.,
73,Torre 014,"Bulevar de Salburua Kalea, 8, Salburua, 01004 Vitoria-Gasteiz, Araba, España",+34945123856,,4.0,20.0,es,Google reviews: 4* / 20,,,,,error: No contact information found.,
74,GRUPO EMPRESARIAL - Asha Arregui S.L,"Portal de Legutiano Kalea, 01013 Vitoria-Gasteiz, Araba, España",+34628444048,,,,es,Google reviews: * / None,,,,,error: No contact information found on the page.,
75,Vive Vitoria en la Almendra Medieval. Pintoreria,"Pintore K., 9, 01001 Vitoria-Gasteiz, Araba, España",,,5.0,1.0,es,Google reviews: 5* / 1,,,,,error: No contact information found.,
76,Grupo Nergosa,"Calle Ramon Ortiz de Zarate, 14, Bajo, 01005 Vitoria-Gasteiz, Araba, España",+34945149251,http://nergosa.com/,,,es,Google reviews: * / None,,,,,error: {No contact information found on the page.,
77,Gip Xxi Gasteiz S L,"San Prudencio Kalea, 29, 01005 Vitoria-Gasteiz, Araba, España",+34945140000,,,,es,Google reviews: * / None,,,,,error: {},
78,Vive Vitoria en la Almendra Medieval. NF28,"Nueva Fuera Kalea, 28, 01001 Vitoria-Gasteiz, Araba, España",,,,,es,Google reviews: * / None,,,,,error: No contact information found.,
79,Gestalia Consulting,"C, General Alava Kalea, 28, 01005 Vitoria-Gasteiz, Araba, España",,http://gestaliaconsulting.es/,1.8,5.0,es,Google reviews: 1.8* / 5,+34945234131,,info@gestaliaconsulting.com,,success,
80,Inmobiliaria Dato40,"Eduardo Dato Kalea, 40, 01005 Vitoria-Gasteiz, Araba, España",,http://www.dato40.com/,4.1,47.0,es,Google reviews: 4.1* / 47,+34945151723,+34661923236,,,success,
81,Vitalquiler,"Manuel Iradier Kalea, 11, 01005 Vitoria-Gasteiz, Araba, España",,http://alquilerenvitoria.com/,3.3,80.0,es,Google reviews: 3.3* / 80,+34945143308,,alquiler@adania.es,,success,
82,Gestión inmobiliaria Salinas,"C. El Prado, 11, 01005 Vitoria-Gasteiz, Álava, España",,https://gestioninmobiliariasalinas.com/,5.0,1.0,es,Google reviews: 5* / 1,+34635712971,+34635712971,eruizsalinas@gmail.com,eruizsalinas@gmail.com,"too many offices, not giving contacts to avoid misunderstanding",
83,Alquiler Seguro,"Eduardo Dato Kalea, 40, 01005 Vitoria-Gasteiz, Araba, España",,http://www.alquilerseguro.es/,3.9,461.0,es,Google reviews: 3.9* / 461,+34910775775,,info@alquilerseguro.es,,success,
84,servigesvit,"Manuel Iradier Kalea, 01005 Vitoria-Gasteiz, Araba, España",+34672370531,,,,es,Google reviews: * / None,,,,,error: No contact information found.,
85,Marta Bengochea Inmobiliaria,"Laskarai Kalea, 6bis, 1ºof-8, 01008 Vitoria-Gasteiz, Araba, España",,http://www.martabengochea.com/,5.0,5.0,es,Google reviews: 5* / 5,+34669748473,,marta@martabengochea.com,,success,
86,Sia Servicios Inmobiliarios,"Paseo la Musica, 1, 01007 Vitoria-Gasteiz, Araba, España",,http://www.siaservicios.es/,3.7,52.0,es,Google reviews: 3.7* / 52,+34945128060,,info@siaservicios.es,,success,
87,Araiz - Personal Shopper Inmobiliario,"Koldo Mitxelena Kalea, 7, bajo, 01008 Vitoria-Gasteiz, Álava, España",,https://www.araiz.org/,4.0,4.0,es,Google reviews: 4* / 4,+34625333777,,,,succes,
88,"Piso junto al centro histórico, garaje incluido","Badaia Kalea, 29, 01012 Vitoria-Gasteiz, Araba, España",+34605737134,https://www.alojazmientos.com/,,,es,Google reviews: * / None,+34699078580,,alojazmientos@gmail.com,,success,
89,Gestión Inmobiliaria Vitoria,"Nazio Batuen Hiribidea, 37, 01015 Vitoria-Gasteiz, Araba, España",+34600527326,,5.0,6.0,es,Google reviews: 5* / 6,,,,,error: No contact information found.,
90,Fincas Zubiri Servicios Inmobiliarios,"Ramiro de Maeztu Kalea, 4, 01008 Vitoria-Gasteiz, Araba, España",+34679049879,http://fincaszubiri.com/,2.0,12.0,es,Google reviews: 2* / 12,+34945001283,+34945158081,info@fincaszubiri.com,,"too many offices, not giving contacts to avoid misunderstanding",
91,Basalde Grupo Inmobiliario S.L. Unipersonal,"Pintor Jesus Apellaniz Kalea, 17, 01008 Vitoria-Gasteiz, Araba, España",+34945241670,,2.0,1.0,es,Google reviews: 2* / 1,,,,,error: No contact information found.,
92,SAR vivienda,"01008 Vitoria-Gasteiz, Álava, España",,https://www.sarvivienda.com/,1.9,9.0,es,Google reviews: 1.9* / 9,+34945271635,+34639944853,info@sarvivienda.com,,success,
93,Auditoría Inmobiliaria,"Cl. San Prudencio, 6, 2º, 01005 Vitoria-Gasteiz, Álava, España",+34617750491,,,,es,Google reviews: * / None,,,,,error: No contact information found.,
94,Inmobiliaria Lagun Vitoria,"Jose Atxotegi Kalea, 26, 01009 Vitoria-Gasteiz, Araba, España",+34676500443,,2.8,5.0,es,Google reviews: 2.8* / 5,,,,,error: {} No contact information found.,
95,Vivienda y Suelo de Euskadi S.A.,"Adriano VI Kalea, 16, 01008 Vitoria-Gasteiz, Araba, España",+34902350005,http://www.visesa.eus/,2.5,2.0,es,Google reviews: 2.5* / 2,+34945214038,+34946612620,gasteiz@visesa.eus,bilbao@visesa.eus,"too many offices, not giving contacts to avoid misunderstanding",
96,Ados Fincas,"Adriano VI Kalea, 35, 01008 Vitoria-Gasteiz, Araba, España",+34945230688,,1.6,7.0,es,Google reviews: 1.6* / 7,,,,,error: No contact information found in the provided data.,
97,Habitaciones Vitoria,"Bolivia Kalea, 14, Txagorritxu, 01009 Vitoria-Gasteiz, Araba, España",,https://www.instagram.com/habitacionesvitoria,5.0,4.0,es,Google reviews: 5* / 4,,,,,error: {} (No contact information found on the provided webpage.),
98,INMOGESTIÓN Y SERVICIOS GASTEIZ,"Badaia Kalea, 22, 01012 Vitoria-Gasteiz, Araba, España",,,,,es,Google reviews: * / None,,,,,error: No contact information available.,
99,Piso céntrico con patio interior,"Eulogio Serdan Kalea, 20, 01012 Vitoria-Gasteiz, Álava, España",+34605737134,https://www.alojazmientos.com/,,,es,Google reviews: * / None,+34699078580,,alojazmientos@gmail.com,,success,
100,VASCONSULT,"Basoa Kalea, 5, 01012 Vitoria-Gasteiz, Araba, España",+34945244087,http://vasconsult.es/,,,es,Google reviews: * / None,,,,,error: No contact information found.,
101,KOKETXE FINCAS,"Luis Heintz Kalea, 1, Bajo, 01005 Vitoria-Gasteiz, Álava, España",+34945313254,,4.0,2.0,es,Google reviews: 4* / 2,,,,,error: No contact information found.,
102,Portal del rey,"3º I, Avenida Beato Tomás de Zumárraga, 30, 01012 Vitoria-Gasteiz, Araba, España",+34648134531,,,,es,Google reviews: * / None,,,,,error: No contact information found.,
103,"Realtyplus, Vitoria","Junto al Notaria Sofia Lakua, Antonio Machado Kalea, 35, 01010 Vitoria-Gasteiz, Araba, España",+34676297766,,,,es,Google reviews: * / None,,,,,error: No contact information found.,
104,BSI Real Estate,"Pje las Antillas, 14, 01012 Vitoria-Gasteiz, Álava, España",+34902808760,,2.0,1.0,es,Google reviews: 2* / 1,,,,,error: {} No contact information available.,
105,Vallejo S C,"Estella Kalea, 9, 01010 Vitoria-Gasteiz, Araba, España",+34623232634,,,,es,Google reviews: * / None,,,,,error: No contact information found.,
106,"Birloya, S.L.","Edificio Mega, Adriano VI Kalea, 20, 01008 Vitoria-Gasteiz, Araba, España",+34945216509,,,,es,Google reviews: * / None,,,,,error: {} No contact information found.,
107,inmoblog,"Los Olmos, Gasteiz Hiribidea, 1, 01013 Vitoria-Gasteiz, Álava, España",+34678418136,https://www.inmoblog.com/,5.0,2.0,es,Google reviews: 5* / 2,,,,,error: {},
108,UCIEZA SERVICIOS INMOBILIARIOS INDUSTRIALES,"Poligono industrial de Jundiz, Mendigorritxu Kalea, 128, 01015 Vitoria-Gasteiz, Araba, España",,http://www.ucieza.net/,4.8,46.0,es,Google reviews: 4.8* / 46,+34603357999,,info@ucieza.net,,success,
109,Larcovi S A L,"Bremen Kalea, 19, 01010 Vitoria-Gasteiz, Araba, España",+34945305587,,4.0,1.0,es,Google reviews: 4* / 1,,,,,error: No contact information found.,
110,Jaureguizar,"Sofia Erreginaren Hiribidea, 1, 01015 Vitoria-Gasteiz, Araba, España",,,,,es,Google reviews: * / None,,,,,error: No information found,
111,GoAwayCamper,"Lermandabidea Kalea, 9, 01015 Vitoria-Gasteiz, Araba, España",+34684340051,http://www.goawaycamper.com/,4.9,119.0,es,Google reviews: 4.9* / 119,,,,,error: Error sending request for url (https://goawaycamper.com/contacto),
112,Iruñalan,"Alberto Acero Plaza, 13, 01400 Laudio / Llodio, Araba, España",,http://irunalan.com/,4.0,43.0,es,Google reviews: 4* / 43,+34946720253,,info@irunalan.com,,success,
113,Arabako Industrialdea S.A,"Uzbina Kalea, 24, 01015 Vitoria-Gasteiz, Araba, España",+34945291215,,,,es,Google reviews: * / None,,,,,error: No contact information found in the provided data.,
114,Aiala Inmobiliaria,"Batzalarrin Kalea, 9, 01400 Laudio / Llodio, Araba, España",,http://www.aialainmobiliaria.com/es,4.3,25.0,es,Google reviews: 4.3* / 25,+34676998208,+34609903377,,,success,
115,Nave Industrial Álava,"A-3006, 01170 Legutio, Araba, España",+34945278846,,3.0,1.0,es,Google reviews: 3* / 1,,,,,error: No contact information found.,
116,Estali,"Inbisa. D4-140 bulegoa, Los Olmos Kalea, 01520, Araba, España",+34945261882,http://estali.eus/,,,es,Google reviews: * / None,,,,,error: No contact information found on the page.,
117,Gorbea Rent,"P.I. Subillabide, C/ Tratado de París, 19, 01230 Nanclares de la Oca / Langraiz Oka, Álava, España",+34945240417,http://www.gorbearent.es/,3.4,9.0,es,Google reviews: 3.4* / 9,,,,,error: {} No contact information such as phone numbers or emails was found on the webpage.,
118,Se Vende Fincasizarra,"01010 Vitoria-Gasteiz, Álava, España",,,,,es,Google reviews: * / None,,,,,error: {} No contact information found.,
119,Pisogestion,"Harrobi Kalea, 49 trasera, 01013 Betoño, Araba, España",+34945200005,,,,es,Google reviews: * / None,,,,,error: No contact information available,
120,ZOM HOUSE.COM,"Av. de los Olmos, 1, OFICINA 122, 01013 Vitoria-Gasteiz, Álava, España",,https://www.zomhouse.com/,,,es,Google reviews: * / None,+34688779446,+34666590415,inmo@globalzom.com,,success,
121,Extensión Comercial,"01013 Gamarra Mayor / Gamarra Nagusia, Álava, España",,https://www.extensioncomercial.com/,,,es,Google reviews: * / None,+34635745522,,contacto@extensioncomercial.com,,success,
122,Inmobiliaria Toloño 2002 S L,"Avenida Diputación De Álava, 10, 01330 Labastida / Bastida, Araba, España",+34945331594,http://www.inmobiliariatolono.es/,4.0,6.0,es,Google reviews: 4* / 6,+34941305722,+34941324261,haro@inmobiliariatolono.es,casalarreina@inmobiliariatolono.es,"too many offices, not giving contacts to avoid misunderstanding",
123,Alojamiento Rural Abuela Andrea,"Barrio de Abajo Auzoa, 4, 01213 Molinilla, Álava, España",,http://www.abuelaandrea.es/,4.6,43.0,es,Google reviews: 4.6* / 43,+34607026062,,aticraul@gmail.com,,success,
124,Gorbea Centro Caravaning,"Km. 343, C/ Tratado de París, Pol. Ind. Subillabide, Ctra. N-I, 19, 01230 Nanclares de la Oca / Langraiz Oka, Álava, España",,https://www.caravaning-gorbea.com/,3.8,290.0,es,Google reviews: 3.8* / 290,+34945240417,,,,success,
125,Fincas Ansótegui,"01320 Oyón-Oion, Álava, España",,https://fincasansotegui.es/,,,es,Google reviews: * / None,+34945622010,+34659568224,info@fincasansotegui.com,,success,
126,Inmobiliaria Nervión Ayala,"Aiara Etorbidea, 2, 01470 Amurrio, Araba, España",,http://www.inervion.com/,5.0,40.0,es,Google reviews: 5* / 40,+34688823980,,info@inervion.com,,succes,
127,Inmobiliaria Etxaurre,"Zumalakarregi Hiribidea, 38, 01400 Laudio / Llodio, Araba, España",,http://www.etxaurre.com/,4.8,114.0,es,Google reviews: 4.8* / 114,+34946728550,,info@etxaurre.com,,success,
128,Egubegi Inmobiliaria,"Alava Kalea, 1, 01400 Laudio / Llodio, Araba, España",,http://egubegi.com/,4.6,11.0,es,Google reviews: 4.6* / 11,+34946561625,,egubegiinmobiliaria@gmail.com,,success,
129,Fincas IPS,"Zumalakarregi Hiribidea, 56, bajo, 01400 Laudio / Llodio, Araba, España",+34946720434,http://fincasips.com/,5.0,1.0,es,Google reviews: 5* / 1,+34945107885,+34945891654,inmo@fincasips.com,info@fincasips.com,succes,
130,INMOBILIARIA INTXAURRONDO,"Herriko Plaza, 10, 01400 Laudio / Llodio, Araba, España",+34946726619,,3.2,5.0,es,Google reviews: 3.2* / 5,,,,,error: No contact information found.,
131,Ondare Bizi,"Zumalakarregi Hiribidea, 56, 01400 Laudio / Llodio, Araba, España",+34688717897,,,,es,Google reviews: * / None,,,,,error: No contact information found on the page.,
132,FINCAS LLANO,"Lamuza Kalea, 5, 01400 Laudio / Llodio, Araba, España",,https://www.fincasllano.es/location/delika,,,es,Google reviews: * / None,+34946721750,+34659158682,,,success,
133,Fincas IPS,"Mendiko Kalea, 4, bajo, 01470 Amurrio, Araba, España",,https://www.fincasips.com/,4.0,36.0,es,Google reviews: 4* / 36,+34945107885,+34945891654,inmo@fincasips.com,,succes,info@fincasips.com
134,inmobiliaria LANDAKO,"C/ Dioniso Aldama nº5, (esquina c/ Landako) Galerías SAN ANTÓN, 01470 Amurrio, Álava, España",+34665719202,http://landako.jimdoweb.com/,4.6,39.0,es,Google reviews: 4.6* / 39,+34665-719202,,,,success,
135,"Inmobiliaria Armuru, S.L.","Aldai Kalea, 1, 01470 Amurrio, Araba, España",,http://www.inmobiliariarmuru.com/inmuebles/,4.7,57.0,es,Google reviews: 4.7* / 57,+34945892382,+34747485036,infoastri@ainmobiliariarmuru.com,,success,
