name,address,international_phone_number,url,rating,reviews_count,language,comment,zip_code,phone_1,phone_2,e-mail_1,e-mail_2,message
InmoHouse Albacete,"C. Caba, 5, entreplanta, 02002 Albacete, España",,http://www.inmohouse.net/,4.9,343.0,es,Google reviews: 4.9* / 343,2002.0,+34967702924,,info@inmohouse.net,,success
Best House Albacete Los Llanos,"C. Blasco Ibáñez, 28, 02004 Albacete, España",,http://www.best-house.es/albacetelosllanos,4.9,316.0,es,Google reviews: 4.9* / 316,2004.0,+34967033358,,albacetelosllanos@best-house.com,,success
M&C Gestión Inmobiliaria,"C. Teodoro Camino, 12, 02002 Albacete, España",,https://www.mycgestioninmobiliaria.es/,5.0,433.0,es,Google reviews: 5* / 433,2002.0,+34967094837,,inmogestionmyc@gmail.com,,success
Izon Consulting - Inmobiliaria en Albacete,"C. Pedro Martínez Gutiérrez, 13, 02004 Albacete, España",,http://www.izonconsulting.es/,4.6,385.0,es,Google reviews: 4.6* / 385,2004.0,+34967660005,,admin@izonconsulting.es,,success
TRICASA - CASAWEB - Gestión Inmobiliaria,"C. Escritor Ben Nassir, 24, Bajo, 02006 Albacete, España",+34633244844,http://www.tricasainmobiliaria.com/,4.9,247.0,es,Google reviews: 4.9* / 247,2006.0,+34967772222,,info@tricasainmobiliaria.com,,success
GABINETE DE GESTIONES - Grupo Inmobiliario,"Pl. la Catedral, 8, BAJO, 02005 Albacete, España",,http://gabinetedegestiones.es/,4.9,122.0,es,Google reviews: 4.9* / 122,2005.0,+34967663908,+34651862571,info@gabinetedegestiones.es,,success
GRAIN GRUPO INMOBILIARIO GARCÍA VELASCO.,"C. Albarderos, 10, 02004 Albacete, España",,http://www.inmobiliariagrain.com/,4.6,193.0,es,Google reviews: 4.6* / 193,2004.0,+34967666333,,grain@inmobiliariagrain.com,,success
Inmobiliaria Llavin SL,"C. Pablo Medina, 4, Bajo, 02001 Albacete, España",,http://www.inmobiliariallavin.com/,4.7,106.0,es,Google reviews: 4.7* / 106,2001.0,+34667936103,,,,success
Inmobiliaria Global House,"Av. Ramón Menéndez Pidal, 9, 02005 Albacete, España",+34967700221,http://globalhouseab.com/,4.8,128.0,es,Google reviews: 4.8* / 128,2005.0,,,messitecruje@gmail.com,,success
Fincasa Inmobiliaria,"C. Caba, 9, 02001 Albacete, España",+34967770707,http://www.fincasa.ws/,5.0,38.0,es,Google reviews: 5* / 38,2001.0,+34967445368,+34969387252,laroda@fincasa.ws,sisante@fincasa.ws,success
VIP HOME INMOBILIARIA,"Albacete Capital, C. Octavio Cuartero, 70, 02004 Albacete, España",,http://www.viphomeinmobiliaria.com/,4.9,51.0,es,Google reviews: 4.9* / 51,2004.0,+34967858071,,viphome@viphomeinmobiliaria.com,,success
JvJ AlbaRealty Inmobiliaria,"C. Caba, 35, 02001 Albacete, España",,https://www.jvjinmobiliaria.com/,4.3,56.0,es,Google reviews: 4.3* / 56,2001.0,+34967612718,,info@jvjinmobiliaria.com,,success
INMOBILIARIA TEJARES,"C. Arquitecto Vandelvira, 25, 02003 Albacete, España",+34967130135,https://www.inmobiliariatejares.com/,4.5,109.0,es,Google reviews: 4.5* / 109,2003.0,,,,,error: no webpage (access blocked by the security service of the site)
drshabitat,"C. Parra, 31, A, 02002 Albacete, España",,http://www.drshabitat.com/,4.8,49.0,es,Google reviews: 4.8* / 49,2002.0,+34967672626,,drshabitat@gmail.com,,success
Juan Carlos Alfaro: Monapart | Inmobiliaria,"C. Caba, 20, BAJO, 02001 Albacete, España",+34967601215,https://www.monapart.com/agentes/juancarlos-alfaro,5.0,62.0,en,Google reviews: 5* / 62,2001.0,,,,,"error: Transform failed, HTML does not have valid markup."
Inmobiliaria Haunted House,"C. Rosario, 32, 02001 Albacete, España",,http://www.inmohauntedhouse.com/,4.8,22.0,es,Google reviews: 4.8* / 22,2001.0,+34967880536,+34644776023,info@inmohauntedhouse.com,,success
GL Servicios Inmobiliarios,"C. Industria, 9, 02005 Albacete, España",,http://www.glinmuebles.com/,4.5,101.0,es,Google reviews: 4.5* / 101,2005.0,+34967043127,,email.protected,,success
Viviendasalbacete,"C. Rosario, 65, Bajo, 02003 Albacete, España",+34611423366,https://www.viviendasalbacete.com/,4.6,28.0,es,Google reviews: 4.6* / 28,2003.0,+34967256847,+34608769419,viviendasalbacete@gmail.com,,success
Venta de Pisos en Albacete - La Noria Inmobiliaria.,"C/ Feria, 42, 2ª Entreplanta, 02005 Albacete, España",+34967603695,https://www.lanoriainmobiliaria.com/,4.1,48.0,es,Google reviews: 4.1* / 48,2005.0,,,,,error: no webpage (error sending request for url)
La Mancha Servicios Inmobiliarios,"C. la Roda, 15a, 02006 Albacete, España",,http://www.inmobiliarialamancha.es/,4.6,124.0,es,Google reviews: 4.6* / 124,2006.0,+34967044815,+34657189069,inmobiliarialamancha@hotmail.com,,success
Gestcasa Gestion Inmobiliaria Albacete,"C. Pedro Martínez Gutiérrez, 17, 02004 Albacete, España",,http://www.gestcasa.com/,4.6,22.0,es,Google reviews: 4.6* / 22,2004.0,+34967550539,+34967543178,gestcasa@gestcasa.com,gestcasahellin@gestcasa.com,success
Soluziones Inmobiliarias,"Pl. Isabel II, 1, Entreplanta 5, 02005 Albacete, España",,https://www.soluzionesinmobiliarias.com/,4.7,15.0,es,Google reviews: 4.7* / 15,2005.0,+34967672726,,info@soluzionesinmobiliarias.com,,success
Germán- Gestión de inmuebles,"Pl. Benjamín Palencia, 2, Entreplanta, 02002 Albacete, España",+34967790527,,4.9,30.0,es,Google reviews: 4.9* / 30,2002.0,,,,,error:no webpage
La Casita Inmobiliaria,"C. Baños, 46, 02005 Albacete, España",+34601233102,http://www.lacasitainmobiliaria.es/,4.1,33.0,en,Google reviews: 4.1* / 33,2005.0,+34967505867,,lacasita@lacasitainmobiliaria.com,,success
TU PRIMER PLANO,,,https://www.tuprimerplano.es/,4.6,30.0,es,Google reviews: 4.6* / 30,,+34967680058,+34687289834,info@tuprimerplano.es,,success
INMOBILIARIA GLOBAL,"C. Alcalde Conangla, 4, 02001 Albacete, España",+34601257653,,5.0,3.0,es,Google reviews: 5* / 3,2001.0,,,,,error:no webpage
"Urbanal, Promotora-Inmobiliaria, pisos y viviendas de obra nueva en Albacete","Calle Dr. Collado Piña, 17, 02003 Albacete, España",,https://www.urbanal.com/,4.7,138.0,es,Google reviews: 4.7* / 138,2003.0,+34967229610,,,,success
Solvia Inmobiliaria,"Pl. Isabel II, 3, 02005 Albacete, España",+34967544418,http://www.solvia.es/,4.6,68.0,es,Google reviews: 4.6* / 68,2005.0,,,,,error: no webpage
Intermediaciones Inmobiliarias,"C. Dionisio Guardiola, 61, Bajo, 02004 Albacete, España",,https://www.intermediacionesinmobiliarias.com/,3.5,11.0,es,Google reviews: 3.5* / 11,2004.0,+34967031342,+34627304756,albacete@intermediacionesinmobiliarias.com,,success
Que Pisos Inmobiliaria. Albacete,"C. Salamanca, 02001 Albacete, España",+34621283602,http://www.inmobiliariatarazona.es/,5.0,1.0,es,Google reviews: 5* / 1,2001.0,+34967480198,,info@inmobiliariatarazona.es,,success
Albapisos Grupo Inmobiliario,"C. Cervantes, 2, Oficina I, 02001 Albacete, España",,https://www.albapisos.com/,4.0,12.0,es,Google reviews: 4* / 12,2001.0,+34670376976,,info@albapisos.com,,success
HABAIT INMOBILIARIA ALBACETE,"C. Antonio Machado, 8, 02003 Albacete, España",+34623200663,,4.8,8.0,es,Google reviews: 4.8* / 8,2003.0,,,,,error:no webpage
INMOALBA 2000 SL - INMOBILIARIA ALBACETE,"C. Antonio Machado, Nº63, 02004 Albacete, España",,http://www.inmoalba2000.com/,3.7,9.0,es,Google reviews: 3.7* / 9,2004.0,+34967191150,+34696460364,info@inmoalba2000.com,,success
CINCO INMOBILIARIA,"C. Rosario, 57, 02003 Albacete, España",+34967225250,,5.0,1.0,es,Google reviews: 5* / 1,2003.0,,,,,error:no webpage
Sanchez del Rio Agencia Inmobiliaria,"C. Virgen de las Maravillas, 11, 02004 Albacete, España",,http://www.sanchezrio.com/,4.0,11.0,es,Google reviews: 4* / 11,2004.0,+34967504206,,oficina@sanchezrio.com,,success
Intural,"C. Zapateros, 22, 02001 Albacete, España",,http://www.intural.com/,3.2,5.0,es,Google reviews: 3.2* / 5,2001.0,+34967667738,+34967667739,email protected,,success
Inmogestion Albacete,"P.º la Libertad, 19, 02001 Albacete, España",,http://www.inmogestionalbacete.es/,4.4,7.0,es,Google reviews: 4.4* / 7,2001.0,+34654422975,,,,success
Impulso Inmobiliario,"Calle Dr. Collado Piña, 17, 1D, 02003 Albacete, España",,http://www.impulsoinmobiliario.com/,2.9,47.0,es,Google reviews: 2.9* / 47,2003.0,+34967217788,,,,success
Novacasa Albacete Inmobiliaria,"Av. Arquitecto Julio Carrilero, 33, 02005 Albacete, España",,http://www.novacasaalbacete.es/,3.9,20.0,es,Google reviews: 3.9* / 20,2005.0,+34967660101,,info@novacasaalbacete.es,,success
API Vicente Orozco,"Calle Pablo Medina, Chaflán con, C. San Antonio, 1 - Bajo, 02001 Albacete, España",,http://www.apivicenteorozco.com/,3.7,7.0,es,Google reviews: 3.7* / 7,2001.0,+34967212002,,inmobiliaria@apivicenteorozco.com,,success
TORRECASTILLA GESTION INMOBILIARIA,"Calle Dr. Collado Piña, 17, 02003 Albacete, España",,http://www.torrecastilla.net/,4.8,4.0,es,Google reviews: 4.8* / 4,2003.0,+34967590517,,info@torrecastilla.net,,success
Inmobiliaria alquilofacil y vendofacil,"Av. Ramón y Cajal, 43, 02005 Albacete, España",+34630905800,http://www.alquilofacil.es/,3.9,60.0,es,Google reviews: 3.9* / 60,2005.0,+34977756012,,info@alquilofacil.es,,success
Inmobiliaria 10,"C. Tesifonte Gallego, 14, Entreplanta - Oficina 1, 02002 Albacete, España",+34687519320,http://www.inmobiliaria10.es/,3.0,5.0,es,Google reviews: 3* / 5,2002.0,+34967666204,+34670283372,inmobiliaria10@inmobiliaria10.es,,success
Inmobiliaria Gómez Torres,"Calle Dionisio Guardiola, 15 2 ENTP(C, 02002 Albacete, España",,http://www.inmobiliariagomeztorres.com/,2.5,18.0,es,Google reviews: 2.5* / 18,2002.0,+34967550680,+34670657005,inmobiliaria@gomeztorres.com,,success
Inmobiliaria Centro,"C. Rosario, 6, 2ª, 02001 Albacete, España",,https://www.inmobiliaria-centro.es/,2.3,6.0,es,Google reviews: 2.3* / 6,2001.0,+34967023237,,info@inmobiliaria-centro.es,,success
Inmobiliaria Tarruella,"C. Tesifonte Gallego, 14, 02002 Albacete, España",+34967505507,http://www.tarruella.com/,3.9,25.0,es,Google reviews: 3.9* / 25,2002.0,,,inmobiliaria@tarruella.com,,success
Hipercasa Inmobiliaria,"Av. Guardia Civil, 42, 02005 Albacete, España",+34967550727,http://www.hipercasa.info/,4.0,8.0,es,Google reviews: 4* / 8,2005.0,,,,,error:no webpage
Agencia Inmobiliaria en Albacete MARÍN PUNTO INMOBILIARIO,"Av. Isabel la Católica, 40, ENTREPLANTA 3C, 02005 Albacete, España",+34670839857,,3.0,17.0,es,Google reviews: 3* / 17,2005.0,,,,,error:no webpage
Estudio Meraki,"C. Octavio Cuartero, 19, 02003 Albacete, España",,https://estudiomeraki.com/,4.2,25.0,es,Google reviews: 4.2* / 25,2003.0,+34967851503,,info@estudiomeraki.com,,success
CAMPO GESTION Inmobiliaria,"C. Octavio Cuartero, 20, Bajo, 02003 Albacete, España",,https://www.campoinmobiliaria.es/,3.2,6.0,es,Google reviews: 3.2* / 6,2003.0,+34628222772,+34967256529,info@campoinmobiliaria.es,,success
microin,"C. San Antonio, 9, 02001 Albacete, España",,https://www.microin.es/,5.0,2.0,es,Google reviews: 5* / 2,2001.0,+34900907803,,,,success
Graciano Inmobiliaria,"C. Octavio Cuartero, 56, 02004 Albacete, España",,http://gracianoinmobiliaria.es/,3.5,12.0,es,Google reviews: 3.5* / 12,2004.0,+34670392290,,info@gracianoinmobiliaria.es,,success
Fp Inmobiliaria,"Av. de España, 3, 02002 Albacete, España",,https://www.fpinmobiliaria.es/,2.3,12.0,es,Google reviews: 2.3* / 12,2002.0,+34967244030,+34618055322,info@fpinmobiliaria.es,,success
Lodares GestiÓn Inmobiliaria,"C. Baños, 1, bajo, 02004 Albacete, España",+34967700804,,5.0,4.0,es,Google reviews: 5* / 4,2004.0,,,,,error:no webpage
GRUPO INMOBILIARIO MARTINEZ Y MUÑOZ S.L.,"C. Blasco Ibáñez, 40, 02004 Albacete, España",+34967616633,,5.0,3.0,es,Google reviews: 5* / 3,2004.0,,,,,error:no webpage
Blue Rain Inmobiliaria,"Pl. la Constitución, 8, Entreplanta 2, 02002 Albacete, España",,http://www.inmobluerain.com/,3.4,9.0,es,Google reviews: 3.4* / 9,2002.0,+34966937031,+34967216806,denia@inmobluerain.com,albacete@inmobluerain.com,success
Inmobiliaria Soromar,"C. Arquitecto Vandelvira, 32, 02003 Albacete, España",,https://soromar.com/compramos-tu-propiedad,5.0,5.0,es,Google reviews: 5* / 5,2003.0,+34623381719,,,,success
JOM INMOBILIARIA ALBACETE,"C. María Marín, 76, 02004 Albacete, España",,http://www.jom-inmobiliaria.es/,3.7,6.0,es,Google reviews: 3.7* / 6,2004.0,+34693779764,+34967704600,albacete@jom-inmobiliaria.es,,success
Atma Home,,+34669460219,https://www.atmahome.es/,5.0,9.0,es,Google reviews: 5* / 9,,+34624343767,,[[email&#160;protected]](https://atmahome.es/cdn-cgi/l/email-protection#e2c7d0d2818d8c968381968da283968f838a8d8f87cc8791),[[email&#160;protected]](https://atmahome.es/cdn-cgi/l/email-protection#42677072212d2c362321362d0223362f232a2d2f276c2731),success
INMOALBA INMOBILIARIA ALBACETE,"C. Marqués de Molins, 02001 Albacete, España",,http://www.inmoalba2000.com/,,,es,Google reviews: * / None,2001.0,+34967191150,+34696460364,info@inmoalba2000.com,,success
Atenea Inmobiliaria Albacete,"C. Concepción, 1, 02002 Albacete, España",,https://pisosenalbacete.com/,3.0,4.0,es,Google reviews: 3* / 4,2002.0,+34967445233,+34670358459,email@protected,email@protected,success
SW SERVICIOS INMOBILIARIOS,"Av. de España, 33, bajo, 02002 Albacete, España",,http://www.inmobiliariasw.com/,5.0,1.0,es,Google reviews: 5* / 1,2002.0,+34967702540,+34692335445,info@inmobiliariasw.com,,success
Malaca Inmobiliaria,"Calle Dr. García Reyes, 1, 02002 Albacete, España",,https://malacainmobiliaria.com/,,,es,Google reviews: * / None,2002.0,+34967619595,+34610342733,info@malacainmobiliaria.com,,success
Domus Area,"C. Hermanos Falco, 4, 02002 Albacete, España",,http://www.domusarea.es/,5.0,1.0,es,Google reviews: 5* / 1,2002.0,+34647478153,+34607249272,info@domusarea.es,,success
Albaluz,"C. Marqués de Villores, 19, 02001 Albacete, España",+34967616515,http://www.albaluz.es/,3.7,66.0,es,Google reviews: 3.7* / 66,2001.0,+34626641031,+34675752481,,,success
Albacete Inmobiliario,"Calle Prof. Macedonio Jiménez, 1, Bajo, 02006 Albacete, España",+34689037773,,1.8,5.0,es,Google reviews: 1.8* / 5,2006.0,,,,,error:no webpage
DM Gestión Inmobiliaria,"02004 Albacete, España",+34967663310,,2.7,26.0,es,Google reviews: 2.7* / 26,2004.0,,,,,error:no webpage
Consuelo Valera Inmobiliaria & Reformas,"C. Arquitecto Fernández, 44, 02005 Albacete, España",+34967672707,,3.7,6.0,es,Google reviews: 3.7* / 6,2005.0,,,,,error:no webpage
Grupo Luxury Home,"C/ Granada, 44, 02005 Albacete, España",,https://www.grupoluxuryhome.es/,,,es,Google reviews: * / None,2005.0,+34671639009,,administracion@grupoluxuryhome.es,,success
Grupo Olimpo Inmobiliaria,"C. Baños, 27, 02005 Albacete, España",+34643376416,https://inmobiliariagrupoolimpo.es/,1.4,16.0,es,Google reviews: 1.4* / 16,2005.0,,,,,error: no webpage
Inual Gestión Inmuebles,"C. Imperial, 26, 02006 Albacete, España",+34967225500,,3.3,3.0,es,Google reviews: 3.3* / 3,2006.0,,,,,error:no webpage
"Inmobiliaria RocSantHouse - Pisos, locales, Parcelas, Terrenos y más en Albacete.","C. Pedro Coca, 59, 02003 Albacete, España",,http://www.inmobiliariarocsanthouse.es/,,,es,Google reviews: * / None,2003.0,+34627865955,+34627865955,info@inmobiliariarocsanthouse.es,,success
Bolsa Inmobiliaria.casa,,+34611657519,,,,es,Google reviews: * / None,,,,,,error:no webpage
Inmobiliaria Soromar,,,https://www.soromar.com/,,,es,Google reviews: * / None,,+34623381719,,,,success
Inmobiliaria Chinchilla,"Calle del Tenor José Ferrero, s/n, Local 2, 02520 Chinchilla de Monte-Aragón, Albacete, España",+34623605113,,5.0,13.0,es,Google reviews: 5* / 13,2520.0,,,,,error:no webpage
"Inmobiliaria y Seguros Albacete, S.L.","Pl. la Constitución, 15, 02049 Aguas Nuevas, Albacete, España",,https://www.alfainmosegurosalbacete.com/,,,es,Google reviews: * / None,2049.0,+34632244787,,operacion@alfainmosegurosalbacete.com,,success
Inmobiliaria Tarazona,"C. Alfaro, 3, 02100 Tarazona de la Mancha, Albacete, España",,http://www.inmobiliariatarazona.es/,4.8,21.0,es,Google reviews: 4.8* / 21,2100.0,+34967480198,,info@inmobiliariatarazona.es,,success
ABT INMOBILIARIA,"C. Alondra, 1, 2-D, 02200 Casas-Ibáñez, Albacete, España",,https://www.abtinmobiliaria.com/,4.9,142.0,es,Google reviews: 4.9* / 142,2200.0,+34649920666,,info@abtinmobiliaria.com,,success
Inmobiliaria Gijon,"02100, 02005 Tarazona de la Mancha, Albacete, España",,http://www.inmobiliariagijon.com/,,,es,Google reviews: * / None,2100.0,+34967480140,+34639111565,,,success
Fincasa,"Pl. Mayor, 19, 02630 La Roda, Albacete, España",,http://www.fincasa.ws/,4.8,63.0,es,Google reviews: 4.8* / 63,2630.0,+34967445368,+34969387252,laroda@fincasa.ws,sisante@fincasa.ws,"too many offices, not giving contacts to avoid misunderstanding"
Inmobiliaria LLanos La Roda,"C. de la Tierra Blanca, 2, 02630 La Roda, Albacete, España",,http://www.llanosinmobiliaria.es/,4.9,15.0,es,Google reviews: 4.9* / 15,2630.0,+34967444042,,info@llanosinmobiliaria.es,,success
Roda Inmobiliaria,"C. Nueva, nº 4, 02630 La Roda, Albacete, España",+34967444162,,4.5,4.0,es,Google reviews: 4.5* / 4,2630.0,,,,,error:no webpage
LEGIDOS GESTIÓN INMOBILIARIA,"C. Batán, 15, Bajo B, 02210 Alcalá del Júcar, Albacete, España",,http://www.legidosinmobiliaria.com/,4.8,52.0,es,Google reviews: 4.8* / 52,2210.0,+34617739390,,legidosgestioninmobiliariaastri@agmail.com,,success
Alojamiento El Morico,"C. Andrés Ochando, 18, 02151 Casas de Juan Núñez, Albacete, España",+34650031945,https://www.instagram.com/elmoricoalojamiento/,5.0,11.0,es,Google reviews: 5* / 11,2151.0,,,,,error:no contacts found on the webpage
Mediadores Inmobiliarios,"Calle del Tenor José Ferrero, S/N, Local 2, 02520 Chinchilla de Monte-Aragón, Albacete, España",+34671192427,http://www.facebook.com/casasm.in,2.0,3.0,es,Google reviews: 2* / 3,2520.0,,,,,"error: Transform failed, HTML does not have valid markup."
Ibainm,"C. la Merced, 21, 02200 Casas-Ibáñez, Albacete, España",,http://www.ibainm.com/,3.2,10.0,es,Google reviews: 3.2* / 10,2200.0,+34967461351,+34621298915,clientes@ibainm.com,,success
La casona de Mahora,"Pl. la Mancha, 19, 02240 Mahora, Albacete, España",,http://www.lacasonademahora.com/,5.0,4.0,es,Google reviews: 5* / 4,2240.0,+34626285383,+34626285383,info@lacasonademahora.com,,success
Casa Rural Montes del Cabriel,"C. Rodríguez de la Fuente, 1, 02270 Villamalea, Albacete, España",,https://www.casaruralmontesdelcabriel.com/,4.8,61.0,es,Google reviews: 4.8* / 61,2270.0,+34662188169,,montesdelcabriel@hotmail.com,,success
ALBACETE INMOBILIARIA,"C. Mayor, 67, 02002 Albacete, España",,,,,es,Google reviews: * / None,2002.0,,,,,error:no webpage
Intural,"Calle Francisco Baillo, 02300 Alcaraz, Albacete, España",+34667692537,http://www.intural.es/,,,es,Google reviews: * / None,2300.0,+34967667738,+34967667739,emailprotected,,success
FINCAS RUSTICAS OLIVARES,"C. Tejera, 28, 02326 San Pedro, Albacete, España",,http://fincasrusticasolivares.com/,,,es,Google reviews: * / None,2326.0,+34606908069,+34610905559,info@fincasrusticasolivares.com,,success
"Next House Hellín, S.L. Agencia inmobiliaria.","Centro de Negocios, C. Gran Vía, 22 bis, despacho 5, 02400 Hellín, Albacete, España",+34616919322,https://www.donpiso.com/agente-josemiguel-sanchez?fbclid=IwAR3TJD03EEG53Aaw-0srxQrxIQ_EBqz6FfVBc09WU68FcIzFDsmoPWkVO0c,4.9,73.0,es,Google reviews: 4.9* / 73,2400.0,+34933069090,,info@donpiso.com,,success
C2 Inmobiliaria Cobos & Cuerda,"C. Canteros, 49, 02400 Hellín, Albacete, España",,https://c2inmobiliaria.es/,4.7,15.0,es,Google reviews: 4.7* / 15,2400.0,+34687852416,,,,success
CHACÓN Y GALEANO SL,"C. de la Paz, 02400 Hellín, Albacete, España",+34649468312,https://www.airbnb.es/rooms/31517685?location=Hell%C3%ADn%2C%20Albacete&adults=1&guests=1&sl_alternate_dates_exclusion=true&source_impression_id=p3_1559191964_gcvV9stTt9quf1Sn,5.0,69.0,es,Google reviews: 5* / 69,2400.0,+34,,,,success
Inmobiliaria Delene,"C. Cronista Antonio Ruescas, 1, 02400 Hellín, Albacete, España",,https://inmobiliariadelene.com/,3.7,58.0,es,Google reviews: 3.7* / 58,2400.0,+34967304786,,inmobiliariadelene@gmail.com,,success
Inmobiliaria Sercasa,"C. de Antonio López del Oro, 7, bajo, 02400 Hellín, Albacete, España",,http://www.inmobiliariasercasa.es/,4.2,10.0,es,Google reviews: 4.2* / 10,2400.0,+34967176254,+34663105932,info@inmobiliariasercasa.es,,success
Servicasa Servicios Inmobiliarios,"C. Antonio Cifuentes Naharro, 15, 02400 Hellín, Albacete, España",,https://servicasahellin.es/,4.2,39.0,es,Google reviews: 4.2* / 39,2400.0,+34967302058,+34673708155,info@servicasahellin.com,,success
Inmobiliaria González de Hellín,"C. Periodista Antonio Andújar, 11, Bajo, 02400 Hellín, Albacete, España",+34967303113,http://www.inmobiliariagonzalezhellin.es/,3.3,13.0,es,Google reviews: 3.3* / 13,2400.0,,,,,error: no webpage (no contact information found)
Gestcasa,"C. Federico Coullaut Valera, 4, 02400 Hellín, Albacete, España",,https://gestcasa.com/,2.8,4.0,es,Google reviews: 2.8* / 4,2400.0,+34967550539,+34967543178,gestcasa@gestcasa.com,gestcasahellin@gestcasa.com,success
Inmobiliaria El Sol,"C. Sol, nº 5 Bajo, 02400 Hellín, Albacete, España",+34967303646,http://www.apielsol.com/,,,es,Google reviews: * / None,2400.0,,,informacion@apielsol.com,,success
Ailess,"C. Federico Coullaut Valera, 4, 02400 Hellín, Albacete, España",,http://ailess.com.es/,5.0,1.0,es,Google reviews: 5* / 1,2400.0,+34967854068,+34604988762,,,success
GESTION INMOBILIARIA TOBARRA,"C. Mayor, 141, 02500 Tobarra, Albacete, España",,http://www.inmobiliariatobarra.com/,4.5,10.0,es,Google reviews: 4.5* / 10,2500.0,+34967328228,,inmobiliariatobarra@yahoo.es,,success
Inmobiliaria Eurocastilla,"C. de Francisco Cano Fontecha, 3, Bajo, 02500 Tobarra, Albacete, España",,https://www.eurocastilla.es/,4.8,17.0,es,Google reviews: 4.8* / 17,2500.0,+34967325112,+34638729902,eurocastilla@gmail.com,info@eurocastilla.es,"too many offices, not giving contacts to avoid misunderstanding"
Diputación Provincial de Albacete,"C. el Rabal, 10, 02400 Hellín, Albacete, España",+34967176223,,5.0,1.0,es,Google reviews: 5* / 1,2400.0,,,,,error:no webpage
Mercapiso Servicios Inmobiliarios,"C. Cruz de Mayo, 3, 02400 Hellín, Albacete, España",+34967302865,,4.3,3.0,es,Google reviews: 4.3* / 3,2400.0,,,,,error:no webpage
Grupo Páramo,"C. Sol, 4, 02400 Hellín, Albacete, España",,,3.0,1.0,es,Google reviews: 3* / 1,2400.0,,,,,error:no webpage
Turismo rural El Velador casa rural Liétor Sierra del Segura,"C. Cal Nueva, 12, 02410 Liétor, Albacete, España",,http://www.elvelador.com/,4.7,29.0,es,Google reviews: 4.7* / 29,2410.0,+34616611257,+34608188259,[email protected],,success
FINCASA Servicios Inmobiliarios,"C. Miguel Hernández, 13, 02430 Elche de la Sierra, Albacete, España",+34606997743,,5.0,1.0,es,Google reviews: 5* / 1,2430.0,,,,,error:no webpage
Inmobiliaria Sierra del Segura,"Av. Benjamín Palencia, 4, 02450 Riópar, Albacete, España",+34633142912,,4.0,4.0,es,Google reviews: 4* / 4,2450.0,,,,,error:no webpage
Riopar Rural,"C. Diseminados, 425, 02459 Riópar, Albacete, España",+34605203894,,4.8,8.0,es,Google reviews: 4.8* / 8,2459.0,,,,,error:no webpage
Rubí,"02459 Riópar, Albacete, España",,,5.0,22.0,es,Google reviews: 5* / 22,2459.0,,,,,error:no webpage
RURAL HOME inmobiliaria,"JUAN QUILEZ, 13, 02480 Yeste, Albacete, España",+34652785954,http://www.ruralhomeinmobiliaria.com/#/,,,es,Google reviews: * / None,2480.0,,,,,error:no webpage
El Portal Servicios Inmobiliarios,"C. Muelle, 20, 02001 Albacete, España",+34967027583,http://elportal.es/,1.0,1.0,es,Google reviews: 1* / 1,2001.0,,,,,error:no webpage
Casas Rurales Batán Río Tus,"Paraje el Batán, Ctra. -Tus, Km.14, 02485 Yeste, Albacete, España",,https://www.batanriotus.com/,4.8,709.0,es,Google reviews: 4.8* / 709,2485.0,+34967432124,+34699091330,reservas@batanriotus.com,,success
Paltor Gestión S.A.,"Pol. Ind. los Molinos, Av. de los Molinos, 81, B, 02520, Albacete, España",,http://paltorgestion.com/,,,es,Google reviews: * / None,2520.0,+34967666777,+34965114444,info@paltorgestion.com,info@paltorgestion.com,success
Huebras Desarrollos Inmobiliarios S.L.,"Pl. Mayor, 0, 02530 Nerpio, Albacete, España",,,1.0,2.0,es,Google reviews: 1* / 2,2530.0,,,,,error:no webpage
Venta De Pisos,"C. Juan de Toledo, 23, 02005 Albacete, España",,,,,es,Google reviews: * / None,2005.0,,,,,error:no webpage
Cabañas El Nogueral,"Calle las peñas, 7, 02489 Góntar, Albacete, España",,https://elnogueral.wixsite.com/casas,4.8,75.0,es,Google reviews: 4.8* / 75,2489.0,+34622351937,,cabanaselnogueral@gmail.com,,success
Hogarnuevo Gestión Inmobiliaria,"C. Caldereros, 8, 02600 Villarrobledo, Albacete, España",,http://inmobiliariahogarnuevo.com/,4.6,35.0,es,Google reviews: 4.6* / 35,2600.0,+34967740298,+34605263239,hogarnuevo@gmail.com,,success
Muneralia,"C. Sta. Marta, N° 11, 02612 Munera, Albacete, España",,https://muneralia.es/,5.0,1.0,es,Google reviews: 5* / 1,2612.0,+34681610882,,info@muneralia.es,,success
Lagunas de Ruidera Activa,"Cam. el Vivero, 9, 02611 Ossa de Montiel, Albacete, España",,http://www.lagunasderuideraactiva.com/,4.8,5.0,es,Google reviews: 4.8* / 5,2611.0,+34655966794,+34967377405,info@lagunasderuideraactiva.com,,success
InmoMancha,"C. Ramón y Cajal, 26, 02611 Ossa de Montiel, Albacete, España",,http://www.inmomancha.es/,1.0,1.0,es,Google reviews: 1* / 1,2611.0,+34633021918,,info@inmomancha.es,,success
Casa Rural “La Forilla”.,"Carr la Colgada, 10, 02611 Ossa de Montiel, Albacete, España",+34626867998,http://laforilla.es/,4.7,39.0,es,Google reviews: 4.7* / 39,2611.0,,,,,error: no contact info found on webpage
Inmobiliaria Martinez,"C. Gral. Latorre, 2, 02630 La Roda, Albacete, España",+34967442927,https://martinezinmobiliaria.es/,3.2,5.0,en,Google reviews: 3.2* / 5,2630.0,,,,,error:no webpage
CIMASA,"Av. Tercera, 6, 02630 La Roda, Albacete, España",,,5.0,1.0,es,Google reviews: 5* / 1,2630.0,,,,,error:no webpage
ELEVA inmobiliaria,"C. de la Tierra Blanca, 3, 02630 La Roda, Albacete, España",,,,,es,Google reviews: * / None,2630.0,,,,,error:no webpage
Mezcua Inmobiliaria,"C. Gustavo Adolfo Bécquer, 9, 02640 Almansa, Albacete, España",,https://www.mezcua.com/,4.6,21.0,es,Google reviews: 4.6* / 21,2640.0,+34967311287,+34967311082,oficina@mezcua.com,,success
Almanbroker,"C. de Mendizábal, 14, 02640 Almansa, Albacete, España",,http://www.almanbroker.com/,4.2,54.0,es,Google reviews: 4.2* / 54,2640.0,+34967344255,+34693069335,inmobiliaria@almanbroker.com,,success
Fg Inmobiliaria,"C. San Francisco, 5, 02640 Almansa, Albacete, España",,http://www.fginmobiliaria.es/,4.7,13.0,es,Google reviews: 4.7* / 13,2640.0,+34967016868,+34722490443,francisco@fginmobiliaria.es,,success
Inmobiliaria Almansa Siglo XXI,"C. Aniceto Coloma, 23, 02640 Almansa, Albacete, España",,http://www.inmobiliariaalmansasigloxxi.com/,4.2,9.0,es,Google reviews: 4.2* / 9,2640.0,+34967311680,+34666277959,inmobiliariaalmansasigloxxi@hotmail.com,inmobiliariaalmansasibloxxi@hotmail.com,success
Nieves Y Milán - Antonio Nieves Tortosa,"C. Corredera, 11, 02640 Almansa, Albacete, España",,http://www.nievesymilan.com/,4.7,20.0,es,Google reviews: 4.7* / 20,2640.0,+34967016238,+34618299803,ievesmilan@gmail.com,,success
AlquileresAlmansa,"C. Velázquez, 9, 02640 Almansa, Albacete, España",+34646950880,https://www.alquileresalmansa.com/,,,es,Google reviews: * / None,2640.0,+34606571828,+34696365253,info@alquileresalmansa.com,,success
Torró Consultores,,,https://torroconsultores.com/,,,es,Google reviews: * / None,,+34649380452,,despacho@torroconsultores.com,,success
Nieves Y Milán Sl,"C. Corredera, 11, 02640 Almansa, Albacete, España",+34967318853,,4.0,1.0,es,Google reviews: 4* / 1,2640.0,,,,,error:no webpage
Júcar Homes,"C. Miguel Hernández, 19, 02660 Caudete, Albacete, España",,http://www.jucarhomes.com/,4.5,22.0,es,Google reviews: 4.5* / 22,2660.0,+34965827406,,correo@jucarhomes.com,,success
Moisés Hoyos Vinader,"C. de Mendizábal, 14, 02640 Almansa, Albacete, España",+34967311142,,,,es,Google reviews: * / None,2640.0,,,,,error: no webpage
Promociones Francamer,"C. Corredera, 128, 02640 Almansa, Albacete, España",+34967310518,,,,es,Google reviews: * / None,2640.0,,,,,error:no webpage
Invercom Hungria,"C. Federico García Lorca, 5, 02640 Almansa, Albacete, España",+34637023789,,,,es,Google reviews: * / None,2640.0,,,,,error:no webpage
My House Almansa,"C. el Cid, 2, 02640 Almansa, Albacete, España",,,,,es,Google reviews: * / None,2640.0,,,,,error: no webpage
Inmoalpera,"C. Palacio, 3, 02690 Alpera, Albacete, España",+34744783468,,,,es,Google reviews: * / None,2690.0,,,,,error:no webpage
restyle HOME,"C. Carpinteros, 9, 02640 Almansa, Albacete, España",,,3.0,1.0,es,Google reviews: 3* / 1,2640.0,,,,,error:no webpage
Alojamientos Torre del Reloj,"C. Virgen de Belén, 4, 02640 Almansa, Albacete, España",+34722434004,https://alojamientostorredelreloj.es/,4.7,26.0,es,Google reviews: 4.7* / 26,2640.0,722434004,,a.torredelreloj@gmail.com,,success
"Caudecons, S.L.","C. Jose Ruiz Y Ruiz, 44, 02660 Caudete, Albacete, España",+34657191253,http://www.caudecons.com/,5.0,6.0,es,Google reviews: 5* / 6,2660.0,657 19 12 53,965 825 156,info@caudecons.com,,success
Daer Consultoría,"C. Miguel Hernández, 19, 02660 Caudete, Albacete, España",+34965827406,http://www.daerconsultoria.es/,,,es,Google reviews: * / None,2660.0,,,,,error: no webpage (404 - Artículo no encontrado)
Alprosa,"02640 Almansa, Albacete, España",+34967341754,,,,es,Google reviews: * / None,2640.0,,,,,error:no webpage
