name,address,international_phone_number,url,rating,reviews_count,language,comment,zip_code
InmoHouse Albacete,"C. Caba, 5, entreplanta, 02002 Albacete, España",+34 967 70 29 24,http://www.inmohouse.net/,4.9,343.0,es,Google reviews: 4.9* / 343,02002
Best House Albacete Los Llanos,"C. Blasco Ibáñez, 28, 02004 Albacete, España",+34 967 03 33 58,http://www.best-house.es/albacetelosllanos,4.9,316.0,es,Google reviews: 4.9* / 316,02004
M&C Gestión Inmobiliaria,"C. Teodoro Camino, 12, 02002 Albacete, España",+34 967 09 48 37,https://www.mycgestioninmobiliaria.es/,5.0,433.0,es,Google reviews: 5* / 433,02002
Izon Consulting - Inmobiliaria en Albacete,"C. Pedro Martínez Gutiérrez, 13, 02004 Albacete, España",+34 967 66 00 05,http://www.izonconsulting.es/,4.6,385.0,es,Google reviews: 4.6* / 385,02004
TRICASA - CASAWEB - Gestión Inmobiliaria,"C. Escritor Ben Nassir, 24, Bajo, 02006 Albacete, España",+34 633 24 48 44,http://www.tricasainmobiliaria.com/,4.9,247.0,es,Google reviews: 4.9* / 247,02006
GABINETE DE GESTIONES - Grupo Inmobiliario,"Pl. la Catedral, 8, BAJO, 02005 Albacete, España",+34 967 66 39 08,http://gabinetedegestiones.es/,4.9,122.0,es,Google reviews: 4.9* / 122,02005
GRAIN GRUPO INMOBILIARIO GARCÍA VELASCO.,"C. Albarderos, 10, 02004 Albacete, España",+34 967 66 63 33,http://www.inmobiliariagrain.com/,4.6,193.0,es,Google reviews: 4.6* / 193,02004
Inmobiliaria Llavin SL,"C. Pablo Medina, 4, Bajo, 02001 Albacete, España",+34 667 93 61 03,http://www.inmobiliariallavin.com/,4.7,106.0,es,Google reviews: 4.7* / 106,02001
Inmobiliaria Global House,"Av. Ramón Menéndez Pidal, 9, 02005 Albacete, España",+34 967 70 02 21,http://globalhouseab.com/,4.8,128.0,es,Google reviews: 4.8* / 128,02005
Fincasa Inmobiliaria,"C. Caba, 9, 02001 Albacete, España",+34 967 77 07 07,http://www.fincasa.ws/,5.0,38.0,es,Google reviews: 5* / 38,02001
VIP HOME INMOBILIARIA,"Albacete Capital, C. Octavio Cuartero, 70, 02004 Albacete, España",+34 967 85 80 71,http://www.viphomeinmobiliaria.com/,4.9,51.0,es,Google reviews: 4.9* / 51,02004
JvJ AlbaRealty Inmobiliaria,"C. Caba, 35, 02001 Albacete, España",+34 967 61 27 18,https://www.jvjinmobiliaria.com/,4.3,56.0,es,Google reviews: 4.3* / 56,02001
INMOBILIARIA TEJARES,"C. Arquitecto Vandelvira, 25, 02003 Albacete, España",+34 967 13 01 35,https://www.inmobiliariatejares.com/,4.5,109.0,es,Google reviews: 4.5* / 109,02003
drshabitat,"C. Parra, 31, A, 02002 Albacete, España",+34 967 67 26 26,http://www.drshabitat.com/,4.8,49.0,es,Google reviews: 4.8* / 49,02002
Juan Carlos Alfaro: Monapart | Inmobiliaria,"C. Caba, 20, BAJO, 02001 Albacete, España",+34 967 60 12 15,https://www.monapart.com/agentes/juancarlos-alfaro,5.0,62.0,en,Google reviews: 5* / 62,02001
Inmobiliaria Haunted House,"C. Rosario, 32, 02001 Albacete, España",+34 644 77 60 23,http://www.inmohauntedhouse.com/,4.8,22.0,es,Google reviews: 4.8* / 22,02001
GL Servicios Inmobiliarios,"C. Industria, 9, 02005 Albacete, España",+34 967 04 31 27,http://www.glinmuebles.com/,4.5,101.0,es,Google reviews: 4.5* / 101,02005
Viviendasalbacete,"C. Rosario, 65, Bajo, 02003 Albacete, España",+34 611 42 33 66,https://www.viviendasalbacete.com/,4.6,28.0,es,Google reviews: 4.6* / 28,02003
Venta de Pisos en Albacete - La Noria Inmobiliaria.,"C/ Feria, 42, 2ª Entreplanta, 02005 Albacete, España",+34 967 60 36 95,https://www.lanoriainmobiliaria.com/,4.1,48.0,es,Google reviews: 4.1* / 48,02005
La Mancha Servicios Inmobiliarios,"C. la Roda, 15a, 02006 Albacete, España",+34 967 04 48 15,http://www.inmobiliarialamancha.es/,4.6,124.0,es,Google reviews: 4.6* / 124,02006
Gestcasa Gestion Inmobiliaria Albacete,"C. Pedro Martínez Gutiérrez, 17, 02004 Albacete, España",+34 967 55 05 39,http://www.gestcasa.com/,4.6,22.0,es,Google reviews: 4.6* / 22,02004
Soluziones Inmobiliarias,"Pl. Isabel II, 1, Entreplanta 5, 02005 Albacete, España",+34 967 67 27 26,https://www.soluzionesinmobiliarias.com/,4.7,15.0,es,Google reviews: 4.7* / 15,02005
Germán- Gestión de inmuebles,"Pl. Benjamín Palencia, 2, Entreplanta, 02002 Albacete, España",+34 967 79 05 27,,4.9,30.0,es,Google reviews: 4.9* / 30,02002
La Casita Inmobiliaria,"C. Baños, 46, 02005 Albacete, España",+34 601 23 31 02,http://www.lacasitainmobiliaria.es/,4.1,33.0,en,Google reviews: 4.1* / 33,02005
TU PRIMER PLANO,,+34 967 68 00 58,https://www.tuprimerplano.es/,4.6,30.0,es,Google reviews: 4.6* / 30,
INMOBILIARIA GLOBAL,"C. Alcalde Conangla, 4, 02001 Albacete, España",+34 601 25 76 53,,5.0,3.0,es,Google reviews: 5* / 3,02001
"Urbanal, Promotora-Inmobiliaria, pisos y viviendas de obra nueva en Albacete","Calle Dr. Collado Piña, 17, 02003 Albacete, España",+34 967 22 96 10,https://www.urbanal.com/,4.7,138.0,es,Google reviews: 4.7* / 138,02003
Solvia Inmobiliaria,"Pl. Isabel II, 3, 02005 Albacete, España",+34 967 54 44 18,http://www.solvia.es/,4.6,68.0,es,Google reviews: 4.6* / 68,02005
Intermediaciones Inmobiliarias,"C. Dionisio Guardiola, 61, Bajo, 02004 Albacete, España",+34 627 30 47 56,https://www.intermediacionesinmobiliarias.com/,3.5,11.0,es,Google reviews: 3.5* / 11,02004
Que Pisos Inmobiliaria. Albacete,"C. Salamanca, 02001 Albacete, España",+34 621 28 36 02,http://www.inmobiliariatarazona.es/,5.0,1.0,es,Google reviews: 5* / 1,02001
Albapisos Grupo Inmobiliario,"C. Cervantes, 2, Oficina I, 02001 Albacete, España",+34 670 37 69 76,https://www.albapisos.com/,4.0,12.0,es,Google reviews: 4* / 12,02001
HABAIT INMOBILIARIA ALBACETE,"C. Antonio Machado, 8, 02003 Albacete, España",+34 623 20 06 63,,4.8,8.0,es,Google reviews: 4.8* / 8,02003
INMOALBA 2000 SL - INMOBILIARIA ALBACETE,"C. Antonio Machado, Nº63, 02004 Albacete, España",+34 967 19 11 50,http://www.inmoalba2000.com/,3.7,9.0,es,Google reviews: 3.7* / 9,02004
CINCO INMOBILIARIA,"C. Rosario, 57, 02003 Albacete, España",+34 967 22 52 50,,5.0,1.0,es,Google reviews: 5* / 1,02003
Sanchez del Rio Agencia Inmobiliaria,"C. Virgen de las Maravillas, 11, 02004 Albacete, España",+34 967 50 42 06,http://www.sanchezrio.com/,4.0,11.0,es,Google reviews: 4* / 11,02004
Intural,"C. Zapateros, 22, 02001 Albacete, España",+34 967 66 77 38,http://www.intural.com/,3.2,5.0,es,Google reviews: 3.2* / 5,02001
Inmogestion Albacete,"P.º la Libertad, 19, 02001 Albacete, España",+34 654 42 29 75,http://www.inmogestionalbacete.es/,4.4,7.0,es,Google reviews: 4.4* / 7,02001
Impulso Inmobiliario,"Calle Dr. Collado Piña, 17, 1D, 02003 Albacete, España",+34 967 21 77 88,http://www.impulsoinmobiliario.com/,2.9,47.0,es,Google reviews: 2.9* / 47,02003
Novacasa Albacete Inmobiliaria,"Av. Arquitecto Julio Carrilero, 33, 02005 Albacete, España",+34 967 66 01 01,http://www.novacasaalbacete.es/,3.9,20.0,es,Google reviews: 3.9* / 20,02005
API Vicente Orozco,"Calle Pablo Medina, Chaflán con, C. San Antonio, 1 - Bajo, 02001 Albacete, España",+34 967 21 20 02,http://www.apivicenteorozco.com/,3.7,7.0,es,Google reviews: 3.7* / 7,02001
TORRECASTILLA GESTION INMOBILIARIA,"Calle Dr. Collado Piña, 17, 02003 Albacete, España",+34 967 59 05 17,http://www.torrecastilla.net/,4.8,4.0,es,Google reviews: 4.8* / 4,02003
Inmobiliaria alquilofacil y vendofacil,"Av. Ramón y Cajal, 43, 02005 Albacete, España",+34 630 90 58 00,http://www.alquilofacil.es/,3.9,60.0,es,Google reviews: 3.9* / 60,02005
Inmobiliaria 10,"C. Tesifonte Gallego, 14, Entreplanta - Oficina 1, 02002 Albacete, España",+34 687 51 93 20,http://www.inmobiliaria10.es/,3.0,5.0,es,Google reviews: 3* / 5,02002
Inmobiliaria Gómez Torres,"Calle Dionisio Guardiola, 15 2 ENTP(C, 02002 Albacete, España",+34 967 55 06 80,http://www.inmobiliariagomeztorres.com/,2.5,18.0,es,Google reviews: 2.5* / 18,02002
Inmobiliaria Centro,"C. Rosario, 6, 2ª, 02001 Albacete, España",+34 967 02 32 37,https://www.inmobiliaria-centro.es/,2.3,6.0,es,Google reviews: 2.3* / 6,02001
Inmobiliaria Tarruella,"C. Tesifonte Gallego, 14, 02002 Albacete, España",+34 967 50 55 07,http://www.tarruella.com/,3.9,25.0,es,Google reviews: 3.9* / 25,02002
Hipercasa Inmobiliaria,"Av. Guardia Civil, 42, 02005 Albacete, España",+34 967 55 07 27,http://www.hipercasa.info/,4.0,8.0,es,Google reviews: 4* / 8,02005
Agencia Inmobiliaria en Albacete MARÍN PUNTO INMOBILIARIO,"Av. Isabel la Católica, 40, ENTREPLANTA 3C, 02005 Albacete, España",+34 670 83 98 57,,3.0,17.0,es,Google reviews: 3* / 17,02005
Estudio Meraki,"C. Octavio Cuartero, 19, 02003 Albacete, España",+34 967 85 15 03,https://estudiomeraki.com/,4.2,25.0,es,Google reviews: 4.2* / 25,02003
CAMPO GESTION Inmobiliaria,"C. Octavio Cuartero, 20, Bajo, 02003 Albacete, España",+34 967 25 65 29,https://www.campoinmobiliaria.es/,3.2,6.0,es,Google reviews: 3.2* / 6,02003
microin,"C. San Antonio, 9, 02001 Albacete, España",+34 900 907 803,https://www.microin.es/,5.0,2.0,es,Google reviews: 5* / 2,02001
Graciano Inmobiliaria,"C. Octavio Cuartero, 56, 02004 Albacete, España",+34 670 39 22 90,http://gracianoinmobiliaria.es/,3.5,12.0,es,Google reviews: 3.5* / 12,02004
Fp Inmobiliaria,"Av. de España, 3, 02002 Albacete, España",+34 967 24 40 30,https://www.fpinmobiliaria.es/,2.3,12.0,es,Google reviews: 2.3* / 12,02002
Lodares GestiÓn Inmobiliaria,"C. Baños, 1, bajo, 02004 Albacete, España",+34 967 70 08 04,,5.0,4.0,es,Google reviews: 5* / 4,02004
GRUPO INMOBILIARIO MARTINEZ Y MUÑOZ S.L.,"C. Blasco Ibáñez, 40, 02004 Albacete, España",+34 967 61 66 33,,5.0,3.0,es,Google reviews: 5* / 3,02004
Blue Rain Inmobiliaria,"Pl. la Constitución, 8, Entreplanta 2, 02002 Albacete, España",+34 967 21 68 06,http://www.inmobluerain.com/,3.4,9.0,es,Google reviews: 3.4* / 9,02002
Inmobiliaria Soromar,"C. Arquitecto Vandelvira, 32, 02003 Albacete, España",+34 623 38 17 19,https://soromar.com/compramos-tu-propiedad,5.0,5.0,es,Google reviews: 5* / 5,02003
JOM INMOBILIARIA ALBACETE,"C. María Marín, 76, 02004 Albacete, España",+34 693 77 97 64,http://www.jom-inmobiliaria.es/,3.7,6.0,es,Google reviews: 3.7* / 6,02004
Atma Home,,+34 669 46 02 19,https://www.atmahome.es/,5.0,9.0,es,Google reviews: 5* / 9,
INMOALBA INMOBILIARIA ALBACETE,"C. Marqués de Molins, 02001 Albacete, España",+34 967 19 11 50,http://www.inmoalba2000.com/,,,es,Google reviews: * / None,02001
Atenea Inmobiliaria Albacete,"C. Concepción, 1, 02002 Albacete, España",+34 670 35 84 59,https://pisosenalbacete.com/,3.0,4.0,es,Google reviews: 3* / 4,02002
SW SERVICIOS INMOBILIARIOS,"Av. de España, 33, bajo, 02002 Albacete, España",+34 967 70 25 40,http://www.inmobiliariasw.com/,5.0,1.0,es,Google reviews: 5* / 1,02002
Malaca Inmobiliaria,"Calle Dr. García Reyes, 1, 02002 Albacete, España",+34 967 61 95 95,https://malacainmobiliaria.com/,,,es,Google reviews: * / None,02002
Domus Area,"C. Hermanos Falco, 4, 02002 Albacete, España",+34 647 47 81 53,http://www.domusarea.es/,5.0,1.0,es,Google reviews: 5* / 1,02002
Albaluz,"C. Marqués de Villores, 19, 02001 Albacete, España",+34 967 61 65 15,http://www.albaluz.es/,3.7,66.0,es,Google reviews: 3.7* / 66,02001
Albacete Inmobiliario,"Calle Prof. Macedonio Jiménez, 1, Bajo, 02006 Albacete, España",+34 689 03 77 73,,1.8,5.0,es,Google reviews: 1.8* / 5,02006
DM Gestión Inmobiliaria,"02004 Albacete, España",+34 967 66 33 10,,2.7,26.0,es,Google reviews: 2.7* / 26,02004
Consuelo Valera Inmobiliaria & Reformas,"C. Arquitecto Fernández, 44, 02005 Albacete, España",+34 967 67 27 07,,3.7,6.0,es,Google reviews: 3.7* / 6,02005
Grupo Luxury Home,"C/ Granada, 44, 02005 Albacete, España",+34 671 63 90 09,https://www.grupoluxuryhome.es/,,,es,Google reviews: * / None,02005
Grupo Olimpo Inmobiliaria,"C. Baños, 27, 02005 Albacete, España",+34 643 37 64 16,https://inmobiliariagrupoolimpo.es/,1.4,16.0,es,Google reviews: 1.4* / 16,02005
Inual Gestión Inmuebles,"C. Imperial, 26, 02006 Albacete, España",+34 967 22 55 00,,3.3,3.0,es,Google reviews: 3.3* / 3,02006
"Inmobiliaria RocSantHouse - Pisos, locales, Parcelas, Terrenos y más en Albacete.","C. Pedro Coca, 59, 02003 Albacete, España",+34 627 86 59 55,http://www.inmobiliariarocsanthouse.es/,,,es,Google reviews: * / None,02003
Bolsa Inmobiliaria.casa,,+34 611 65 75 19,,,,es,Google reviews: * / None,
Inmobiliaria Soromar,,+34 623 38 17 19,https://www.soromar.com/,,,es,Google reviews: * / None,
Inmobiliaria Chinchilla,"Calle del Tenor José Ferrero, s/n, Local 2, 02520 Chinchilla de Monte-Aragón, Albacete, España",+34 623 60 51 13,,5.0,13.0,es,Google reviews: 5* / 13,02520
"Inmobiliaria y Seguros Albacete, S.L.","Pl. la Constitución, 15, 02049 Aguas Nuevas, Albacete, España",+34 632 24 47 87,https://www.alfainmosegurosalbacete.com/,,,es,Google reviews: * / None,02049
Inmobiliaria Tarazona,"C. Alfaro, 3, 02100 Tarazona de la Mancha, Albacete, España",+34 967 48 01 98,http://www.inmobiliariatarazona.es/,4.8,21.0,es,Google reviews: 4.8* / 21,02100
ABT INMOBILIARIA,"C. Alondra, 1, 2-D, 02200 Casas-Ibáñez, Albacete, España",None,https://www.abtinmobiliaria.com/,4.9,142.0,es,Google reviews: 4.9* / 142,02200
Inmobiliaria Gijon,"02100, 02005 Tarazona de la Mancha, Albacete, España",+34 639 11 15 65,http://www.inmobiliariagijon.com/,,,es,Google reviews: * / None,02100
Fincasa,"Pl. Mayor, 19, 02630 La Roda, Albacete, España",+34 967 44 53 68,http://www.fincasa.ws/,4.8,63.0,es,Google reviews: 4.8* / 63,02630
Inmobiliaria LLanos La Roda,"C. de la Tierra Blanca, 2, 02630 La Roda, Albacete, España",+34 967 44 40 42,http://www.llanosinmobiliaria.es/,4.9,15.0,es,Google reviews: 4.9* / 15,02630
Roda Inmobiliaria,"C. Nueva, nº 4, 02630 La Roda, Albacete, España",+34 967 44 41 62,,4.5,4.0,es,Google reviews: 4.5* / 4,02630
LEGIDOS GESTIÓN INMOBILIARIA,"C. Batán, 15, Bajo B, 02210 Alcalá del Júcar, Albacete, España",+34 617 73 93 90,http://www.legidosinmobiliaria.com/,4.8,52.0,es,Google reviews: 4.8* / 52,02210
Alojamiento El Morico,"C. Andrés Ochando, 18, 02151 Casas de Juan Núñez, Albacete, España",+34 650 03 19 45,https://www.instagram.com/elmoricoalojamiento/,5.0,11.0,es,Google reviews: 5* / 11,02151
Mediadores Inmobiliarios,"Calle del Tenor José Ferrero, S/N, Local 2, 02520 Chinchilla de Monte-Aragón, Albacete, España",+34 671 19 24 27,http://www.facebook.com/casasm.in,2.0,3.0,es,Google reviews: 2* / 3,02520
Ibainm,"C. la Merced, 21, 02200 Casas-Ibáñez, Albacete, España",+34 621 29 89 15,http://www.ibainm.com/,3.2,10.0,es,Google reviews: 3.2* / 10,02200
La casona de Mahora,"Pl. la Mancha, 19, 02240 Mahora, Albacete, España",+34 626 28 53 83,http://www.lacasonademahora.com/,5.0,4.0,es,Google reviews: 5* / 4,02240
Casa Rural Montes del Cabriel,"C. Rodríguez de la Fuente, 1, 02270 Villamalea, Albacete, España",+34 662 18 81 69,https://www.casaruralmontesdelcabriel.com/,4.8,61.0,es,Google reviews: 4.8* / 61,02270
ALBACETE INMOBILIARIA,"C. Mayor, 67, 02002 Albacete, España",None,,,,es,Google reviews: * / None,02002
Intural,"Calle Francisco Baillo, 02300 Alcaraz, Albacete, España",+34 667 69 25 37,http://www.intural.es/,,,es,Google reviews: * / None,02300
FINCAS RUSTICAS OLIVARES,"C. Tejera, 28, 02326 San Pedro, Albacete, España",+34 606 90 80 69,http://fincasrusticasolivares.com/,,,es,Google reviews: * / None,02326
"Next House Hellín, S.L. Agencia inmobiliaria.","Centro de Negocios, C. Gran Vía, 22 bis, despacho 5, 02400 Hellín, Albacete, España",+34 616 91 93 22,https://www.donpiso.com/agente-josemiguel-sanchez?fbclid=IwAR3TJD03EEG53Aaw-0srxQrxIQ_EBqz6FfVBc09WU68FcIzFDsmoPWkVO0c,4.9,73.0,es,Google reviews: 4.9* / 73,02400
C2 Inmobiliaria Cobos & Cuerda,"C. Canteros, 49, 02400 Hellín, Albacete, España",+34 687 85 24 16,https://c2inmobiliaria.es/,4.7,15.0,es,Google reviews: 4.7* / 15,02400
CHACÓN Y GALEANO SL,"C. de la Paz, 02400 Hellín, Albacete, España",+34 649 46 83 12,https://www.airbnb.es/rooms/31517685?location=Hell%C3%ADn%2C%20Albacete&adults=1&guests=1&sl_alternate_dates_exclusion=true&source_impression_id=p3_1559191964_gcvV9stTt9quf1Sn,5.0,69.0,es,Google reviews: 5* / 69,02400
Inmobiliaria Delene,"C. Cronista Antonio Ruescas, 1, 02400 Hellín, Albacete, España",+34 967 30 47 86,https://inmobiliariadelene.com/,3.7,58.0,es,Google reviews: 3.7* / 58,02400
Inmobiliaria Sercasa,"C. de Antonio López del Oro, 7, bajo, 02400 Hellín, Albacete, España",+34 663 10 59 32,http://www.inmobiliariasercasa.es/,4.2,10.0,es,Google reviews: 4.2* / 10,02400
Servicasa Servicios Inmobiliarios,"C. Antonio Cifuentes Naharro, 15, 02400 Hellín, Albacete, España",+34 967 30 20 58,https://servicasahellin.es/,4.2,39.0,es,Google reviews: 4.2* / 39,02400
Inmobiliaria González de Hellín,"C. Periodista Antonio Andújar, 11, Bajo, 02400 Hellín, Albacete, España",+34 967 30 31 13,http://www.inmobiliariagonzalezhellin.es/,3.3,13.0,es,Google reviews: 3.3* / 13,02400
Gestcasa,"C. Federico Coullaut Valera, 4, 02400 Hellín, Albacete, España",+34 967 54 31 78,https://gestcasa.com/,2.8,4.0,es,Google reviews: 2.8* / 4,02400
Inmobiliaria El Sol,"C. Sol, nº 5 Bajo, 02400 Hellín, Albacete, España",+34 967 30 36 46,http://www.apielsol.com/,,,es,Google reviews: * / None,02400
Ailess,"C. Federico Coullaut Valera, 4, 02400 Hellín, Albacete, España",+34 604 98 87 62,http://ailess.com.es/,5.0,1.0,es,Google reviews: 5* / 1,02400
GESTION INMOBILIARIA TOBARRA,"C. Mayor, 141, 02500 Tobarra, Albacete, España",+34 967 32 82 28,http://www.inmobiliariatobarra.com/,4.5,10.0,es,Google reviews: 4.5* / 10,02500
Inmobiliaria Eurocastilla,"C. de Francisco Cano Fontecha, 3, Bajo, 02500 Tobarra, Albacete, España",+34 638 72 99 02,https://www.eurocastilla.es/,4.8,17.0,es,Google reviews: 4.8* / 17,02500
Diputación Provincial de Albacete,"C. el Rabal, 10, 02400 Hellín, Albacete, España",+34 967 17 62 23,,5.0,1.0,es,Google reviews: 5* / 1,02400
Mercapiso Servicios Inmobiliarios,"C. Cruz de Mayo, 3, 02400 Hellín, Albacete, España",+34 967 30 28 65,,4.3,3.0,es,Google reviews: 4.3* / 3,02400
Grupo Páramo,"C. Sol, 4, 02400 Hellín, Albacete, España",None,,3.0,1.0,es,Google reviews: 3* / 1,02400
Turismo rural El Velador casa rural Liétor Sierra del Segura,"C. Cal Nueva, 12, 02410 Liétor, Albacete, España",+34 616 61 12 57,http://www.elvelador.com/,4.7,29.0,es,Google reviews: 4.7* / 29,02410
FINCASA Servicios Inmobiliarios,"C. Miguel Hernández, 13, 02430 Elche de la Sierra, Albacete, España",+34 606 99 77 43,,5.0,1.0,es,Google reviews: 5* / 1,02430
Inmobiliaria Sierra del Segura,"Av. Benjamín Palencia, 4, 02450 Riópar, Albacete, España",+34 633 14 29 12,,4.0,4.0,es,Google reviews: 4* / 4,02450
Riopar Rural,"C. Diseminados, 425, 02459 Riópar, Albacete, España",+34 605 20 38 94,,4.8,8.0,es,Google reviews: 4.8* / 8,02459
Rubí,"02459 Riópar, Albacete, España",None,,5.0,22.0,es,Google reviews: 5* / 22,02459
RURAL HOME inmobiliaria,"JUAN QUILEZ, 13, 02480 Yeste, Albacete, España",+34 652 78 59 54,http://www.ruralhomeinmobiliaria.com/#/,,,es,Google reviews: * / None,02480
El Portal Servicios Inmobiliarios,"C. Muelle, 20, 02001 Albacete, España",+34 967 02 75 83,http://elportal.es/,1.0,1.0,es,Google reviews: 1* / 1,02001
Casas Rurales Batán Río Tus,"Paraje el Batán, Ctra. -Tus, Km.14, 02485 Yeste, Albacete, España",+34 699 09 13 30,https://www.batanriotus.com/,4.8,709.0,es,Google reviews: 4.8* / 709,02485
Paltor Gestión S.A.,"Pol. Ind. los Molinos, Av. de los Molinos, 81, B, 02520, Albacete, España",+34 967 66 67 77,http://paltorgestion.com/,,,es,Google reviews: * / None,02520
Huebras Desarrollos Inmobiliarios S.L.,"Pl. Mayor, 0, 02530 Nerpio, Albacete, España",None,,1.0,2.0,es,Google reviews: 1* / 2,02530
Venta De Pisos,"C. Juan de Toledo, 23, 02005 Albacete, España",None,,,,es,Google reviews: * / None,02005
Cabañas El Nogueral,"Calle las peñas, 7, 02489 Góntar, Albacete, España",+34 622 35 19 37,https://elnogueral.wixsite.com/casas,4.8,75.0,es,Google reviews: 4.8* / 75,02489
Hogarnuevo Gestión Inmobiliaria,"C. Caldereros, 8, 02600 Villarrobledo, Albacete, España",+34 605 26 32 39,http://inmobiliariahogarnuevo.com/,4.6,35.0,es,Google reviews: 4.6* / 35,02600
Muneralia,"C. Sta. Marta, N° 11, 02612 Munera, Albacete, España",+34 681 61 08 82,https://muneralia.es/,5.0,1.0,es,Google reviews: 5* / 1,02612
Lagunas de Ruidera Activa,"Cam. el Vivero, 9, 02611 Ossa de Montiel, Albacete, España",+34 655 96 67 94,http://www.lagunasderuideraactiva.com/,4.8,5.0,es,Google reviews: 4.8* / 5,02611
InmoMancha,"C. Ramón y Cajal, 26, 02611 Ossa de Montiel, Albacete, España",+34 633 02 19 18,http://www.inmomancha.es/,1.0,1.0,es,Google reviews: 1* / 1,02611
Casa Rural “La Forilla”.,"Carr la Colgada, 10, 02611 Ossa de Montiel, Albacete, España",+34 626 86 79 98,http://laforilla.es/,4.7,39.0,es,Google reviews: 4.7* / 39,02611
Inmobiliaria Martinez,"C. Gral. Latorre, 2, 02630 La Roda, Albacete, España",+34 967 44 29 27,https://martinezinmobiliaria.es/,3.2,5.0,en,Google reviews: 3.2* / 5,02630
CIMASA,"Av. Tercera, 6, 02630 La Roda, Albacete, España",None,,5.0,1.0,es,Google reviews: 5* / 1,02630
ELEVA inmobiliaria,"C. de la Tierra Blanca, 3, 02630 La Roda, Albacete, España",None,,,,es,Google reviews: * / None,02630
Mezcua Inmobiliaria,"C. Gustavo Adolfo Bécquer, 9, 02640 Almansa, Albacete, España",+34 967 31 12 87,https://www.mezcua.com/,4.6,21.0,es,Google reviews: 4.6* / 21,02640
Almanbroker,"C. de Mendizábal, 14, 02640 Almansa, Albacete, España",+34 967 34 42 55,http://www.almanbroker.com/,4.2,54.0,es,Google reviews: 4.2* / 54,02640
Fg Inmobiliaria,"C. San Francisco, 5, 02640 Almansa, Albacete, España",+34 722 49 04 43,http://www.fginmobiliaria.es/,4.7,13.0,es,Google reviews: 4.7* / 13,02640
Inmobiliaria Almansa Siglo XXI,"C. Aniceto Coloma, 23, 02640 Almansa, Albacete, España",+34 967 31 16 80,http://www.inmobiliariaalmansasigloxxi.com/,4.2,9.0,es,Google reviews: 4.2* / 9,02640
Nieves Y Milán - Antonio Nieves Tortosa,"C. Corredera, 11, 02640 Almansa, Albacete, España",+34 967 01 62 38,http://www.nievesymilan.com/,4.7,20.0,es,Google reviews: 4.7* / 20,02640
AlquileresAlmansa,"C. Velázquez, 9, 02640 Almansa, Albacete, España",+34 646 95 08 80,https://www.alquileresalmansa.com/,,,es,Google reviews: * / None,02640
Torró Consultores,,+34 649 38 04 52,https://torroconsultores.com/,,,es,Google reviews: * / None,
Nieves Y Milán Sl,"C. Corredera, 11, 02640 Almansa, Albacete, España",+34 967 31 88 53,,4.0,1.0,es,Google reviews: 4* / 1,02640
Júcar Homes,"C. Miguel Hernández, 19, 02660 Caudete, Albacete, España",+34 965 82 74 06,http://www.jucarhomes.com/,4.5,22.0,es,Google reviews: 4.5* / 22,02660
Moisés Hoyos Vinader,"C. de Mendizábal, 14, 02640 Almansa, Albacete, España",+34 967 31 11 42,,,,es,Google reviews: * / None,02640
Promociones Francamer,"C. Corredera, 128, 02640 Almansa, Albacete, España",+34 967 31 05 18,,,,es,Google reviews: * / None,02640
Invercom Hungria,"C. Federico García Lorca, 5, 02640 Almansa, Albacete, España",+34 637 02 37 89,,,,es,Google reviews: * / None,02640
My House Almansa,"C. el Cid, 2, 02640 Almansa, Albacete, España",None,,,,es,Google reviews: * / None,02640
Inmoalpera,"C. Palacio, 3, 02690 Alpera, Albacete, España",+34 744 78 34 68,,,,es,Google reviews: * / None,02690
restyle HOME,"C. Carpinteros, 9, 02640 Almansa, Albacete, España",None,,3.0,1.0,es,Google reviews: 3* / 1,02640
Alojamientos Torre del Reloj,"C. Virgen de Belén, 4, 02640 Almansa, Albacete, España",+34 722 43 40 04,https://alojamientostorredelreloj.es/,4.7,26.0,es,Google reviews: 4.7* / 26,02640
"Caudecons, S.L.","C. Jose Ruiz Y Ruiz, 44, 02660 Caudete, Albacete, España",+34 657 19 12 53,http://www.caudecons.com/,5.0,6.0,es,Google reviews: 5* / 6,02660
Daer Consultoría,"C. Miguel Hernández, 19, 02660 Caudete, Albacete, España",+34 965 82 74 06,http://www.daerconsultoria.es/,,,es,Google reviews: * / None,02660
Alprosa,"02640 Almansa, Albacete, España",+34 967 34 17 54,,,,es,Google reviews: * / None,02640
