name,address,maps_phone,url,rating,reviews_count,language,comment,business_status,types,zip_code
Inmobiliaria Colon en Badajoz,"C. Antonio Montero Moreno, numero 2, 06004 Badajoz, España",+34 924 43 38 34,https://inmobiliariacolon.com/,4.8,228.0,es,Google reviews: 4.8* / 228,OPERATIONAL,"('real_estate_agency', 'point_of_interest', 'establishment')",06004
Loft Sinergias Inmobiliarias,"Pl. de los Alféreces, 11, 06005 Badajoz, España",+34 924 95 37 59,http://www.loftinmobiliaria.es/,4.8,275.0,es,Google reviews: 4.8* / 275,OPERATIONAL,"('real_estate_agency', 'general_contractor', 'point_of_interest', 'establishment')",06005
Área 73 Badajoz,"C. Ricardo Fernández de la Puente, 29, 06001 Badajoz, España",+34 662 03 43 11,https://www.area73.es/,4.7,92.0,es,Google reviews: 4.7* / 92,OPERATIONAL,"('real_estate_agency', 'point_of_interest', 'establishment')",06001
IHS Inmobiliaria,"Paseo Condes de Barcelona, 25A, 06010 Badajoz, España",+34 924 22 72 73,https://www.ihsinmobiliaria.com/,4.9,423.0,es,Google reviews: 4.9* / 423,OPERATIONAL,"('real_estate_agency', 'point_of_interest', 'establishment')",06010
Inmobiliaria Alcazaba,"Av. María Auxiliadora, 1, 06010 Badajoz, España",+34 924 23 40 66,http://www.inmobiliariaalcazaba.com/,5.0,117.0,es,Google reviews: 5* / 117,OPERATIONAL,"('real_estate_agency', 'point_of_interest', 'establishment')",06010
Ana Belén López ,"Rda. del Pilar, 7, 1°A, 06002 Badajoz, España",+34 924 93 57 48,http://www.anabelenlopez.com/,5.0,48.0,es,Google reviews: 5* / 48,OPERATIONAL,"('real_estate_agency', 'point_of_interest', 'establishment')",06002
Acticasa Badajoz,"Av. Santa Marina, 34, 06005 Badajoz, España",+34 924 47 75 00,http://www.acticasa.com/,4.5,39.0,es,Google reviews: 4.5* / 39,OPERATIONAL,"('real_estate_agency', 'point_of_interest', 'establishment')",06005
TU ZONA INMOBILIARIA BADAJOZ,"Av. Ricardo Carapeto Zambrano, 7, 06008 Badajoz, España",+34 629 01 51 18,https://inmobiliariatuzona.com/oficina-badajoz/?utm_source=google+&utm_medium=maps&utm_campaign=badajoz,4.5,125.0,es,Google reviews: 4.5* / 125,OPERATIONAL,"('real_estate_agency', 'finance', 'consultant', 'point_of_interest', 'establishment')",06008
Hábitat Inmobiliaria - Centro,"Habitat Inmobiliaria, Avenida Juan Carlos I, 2, 06002 Badajoz, España",+34 924 26 06 06,http://inmohabitat.es/,4.3,38.0,es,Google reviews: 4.3* / 38,OPERATIONAL,"('real_estate_agency', 'point_of_interest', 'establishment')",06002
GARCIA Y MARQUEZ SERVICIOS INMOBILIARIOS,"Av. Jose María Alcaraz y Alenda, 31, 06011 Badajoz, España",+34 924 23 77 77,http://www.egarciamarquez.com/,4.7,402.0,es,Google reviews: 4.7* / 402,OPERATIONAL,"('real_estate_agency', 'consultant', 'point_of_interest', 'establishment')",06011
Inmobiliaria Decampo: Venta de fincas y viviendas urbanas en Extremadura,"C. Francisco Pizarro, 1B, 06001 Badajoz, España",+34 672 73 18 93,https://www.decampo.es/,5.0,34.0,es,Google reviews: 5* / 34,OPERATIONAL,"('real_estate_agency', 'point_of_interest', 'establishment')",06001
Inmobiliaria Puerta Palma,"Av. Juan Pereda Pila, 29, 06004 Badajoz, España",+34 924 22 13 34,http://www.inmobiliariapuertapalma.com/,4.4,136.0,es,Google reviews: 4.4* / 136,OPERATIONAL,"('real_estate_agency', 'point_of_interest', 'establishment')",06004
VILLANUEVA4 Agencia Inmobiliaria,"Avenida Villanueva 4, Avd de Elvas, 41, 06005 Badajoz, España",+34 924 47 79 63,https://www.villanueva4.es/,4.6,52.0,es,Google reviews: 4.6* / 52,OPERATIONAL,"('real_estate_agency', 'point_of_interest', 'establishment')",06005
Marin inmobiliaria,"Av. María Auxiliadora, 6, 06011 Badajoz, España",+34 924 93 87 58,http://www.marininmobiliaria.es/,5.0,178.0,es,Google reviews: 5* / 178,OPERATIONAL,"('real_estate_agency', 'point_of_interest', 'establishment')",06011
Inmobiliaria Badajoz,"C. Santo Domingo, 25, 06001 Badajoz, España",+34 924 26 20 23,,3.3,16.0,es,Google reviews: 3.3* / 16,OPERATIONAL,"('real_estate_agency', 'point_of_interest', 'establishment')",06001
Tecnicasa Gestion De Viviendas SL,"Av. Sinforiano Madroñero, 14, 06011 Badajoz, España",+34 924 24 60 00,http://www.tecnicasa.net/,4.8,172.0,es,Google reviews: 4.8* / 172,OPERATIONAL,"('real_estate_agency', 'consultant', 'point_of_interest', 'establishment')",06011
GARCIA Y MARQUEZ,"Av. de Europa, 9, 06004 Badajoz, España",+34 924 23 77 77,http://www.egarciamarquez.com/,4.8,75.0,es,Google reviews: 4.8* / 75,OPERATIONAL,"('real_estate_agency', 'point_of_interest', 'establishment')",06004
Inmobiliaria López ,"C. Moreno Zancudo, 3, 06002 Badajoz, España",+34 924 23 15 61,https://www.instagram.com/inmobiliarialopezmontenegro/?hl=es,4.3,9.0,es,Google reviews: 4.3* / 9,OPERATIONAL,"('real_estate_agency', 'point_of_interest', 'establishment')",06002
3D BADAJOZ INMOBILIARIA,"Av. Tomás Romero de Castilla, 14, 06011 Badajoz, España",+34 924 20 07 17,https://www.3dbadajoz.net/,5.0,17.0,es,Google reviews: 5* / 17,OPERATIONAL,"('real_estate_agency', 'point_of_interest', 'establishment')",06011
Apinavarro,"C. Rodrigo Dosma, n° 8, A, 06001 Badajoz, España",+34 924 24 00 24,http://www.apinavarro.com/,4.6,17.0,es,Google reviews: 4.6* / 17,OPERATIONAL,"('real_estate_agency', 'point_of_interest', 'establishment')",06001
Inmobiliaria Municipal De Badajoz S A,"P.º San Francisco, 1, 3a Planta, 06002 Badajoz, España",+34 924 22 46 61,https://inmuba.com/,4.0,24.0,es,Google reviews: 4* / 24,OPERATIONAL,"('real_estate_agency', 'point_of_interest', 'establishment')",06002
Hábitat Inmobiliaria ,"Pl. Américas, 8, 06011 Badajoz, España",+34 924 23 66 66,http://inmohabitat.es/,4.6,83.0,es,Google reviews: 4.6* / 83,OPERATIONAL,"('real_estate_agency', 'point_of_interest', 'establishment')",06011
Nacho Albarran Inmobiliaria,"Zurbaran, 31-1D, 06002 Badajoz, España",+34 692 21 41 76,http://www.nachoalbarraninmobiliaria.com/mapa_web,4.3,26.0,es,Google reviews: 4.3* / 26,OPERATIONAL,"('real_estate_agency', 'point_of_interest', 'establishment')",06002
InmoCenter,"C. Luis Álvarez Lencero, 2E, 06011 Badajoz, España",+34 635 59 15 94,http://www.inmocenterbadajoz.com/,4.9,92.0,es,Google reviews: 4.9* / 92,OPERATIONAL,"('real_estate_agency', 'point_of_interest', 'establishment')",06011
Inmobiliaria Valdepasillas,"C. Jacinta García Hernández, 13A, 06011 Badajoz, España",+34 924 03 37 22,https://www.inmobiliariavaldepasillas.com/,4.8,17.0,es,Google reviews: 4.8* / 17,OPERATIONAL,"('real_estate_agency', 'consultant', 'finance', 'point_of_interest', 'establishment')",06011
V & R Asesores Inmobiliarios,"Av. Juan Pereda Pila, 11, 06004 Badajoz, España",+34 924 25 25 45,https://www.vyrasesoresinmobiliarios.es/,4.9,74.0,es,Google reviews: 4.9* / 74,OPERATIONAL,"('real_estate_agency', 'point_of_interest', 'establishment')",06004
Inmosurex Agencia Inmobilaria,"Av. Sinforiano Madroñero, 24, 06011 Badajoz, España",+34 640 09 43 08,https://www.inmosurexinmobiliaria.com/,4.9,32.0,es,Google reviews: 4.9* / 32,OPERATIONAL,"('real_estate_agency', 'general_contractor', 'consultant', 'point_of_interest', 'establishment')",06011
Inmotex Inmobiliaria,"Av. Damián Téllez Lafuente, 6, 06010 Badajoz, España",+34 924 19 60 29,https://inmotexinmobiliaria.com/,5.0,20.0,es,Google reviews: 5* / 20,OPERATIONAL,"('real_estate_agency', 'point_of_interest', 'establishment')",06010
Inmobas ,"C. Antonio Martínez Virel, 3, Bajo Izquierda, 06011 Badajoz, España",+34 924 19 75 71,http://www.inmobas.es/,4.8,44.0,es,Google reviews: 4.8* / 44,OPERATIONAL,"('real_estate_agency', 'point_of_interest', 'establishment')",06011
Extrecasa,"C. Alonso de Escobar, 3, 06003 Badajoz, España",+34 924 20 52 58,http://www.extrecasa.net/,3.4,47.0,es,Google reviews: 3.4* / 47,OPERATIONAL,"('real_estate_agency', 'point_of_interest', 'establishment')",06003
Andres gestor inmobiliario,,+34 644 03 67 77,http://www.facebook.com/profile.php?id=61555768753097,5.0,2.0,es,Google reviews: 5* / 2,OPERATIONAL,"('real_estate_agency', 'establishment')",
Lucasa Gestor Inmobiliario,"C. Héroes de Cascorro, 3, 06004 Badajoz, España",+34 669 63 62 89,http://www.lucasainmobiliaria.es/,4.5,21.0,es,Google reviews: 4.5* / 21,OPERATIONAL,"('real_estate_agency', 'point_of_interest', 'establishment')",06004
Viviendas La Casa y El Árbol,"C. Prim, 9, Local 3, 06001 Badajoz, España",+34 644 05 02 90,https://lacasayelarbol.com/,4.7,3.0,es,Google reviews: 4.7* / 3,OPERATIONAL,"('real_estate_agency', 'general_contractor', 'point_of_interest', 'establishment')",06001
Global Inmobiliaria,"Av. Juan Pereda Pila, 27, 06004 Badajoz, España",+34 924 10 33 15,http://www.globalinmobiliaria.net/,2.8,33.0,es,Google reviews: 2.8* / 33,OPERATIONAL,"('real_estate_agency', 'point_of_interest', 'establishment')",06004
INPOMOL,"C. Adelardo Covarsí, 7, 06005 Badajoz, España",+34 924 22 23 32,https://www.inpomol.com/,4.0,25.0,es,Google reviews: 4* / 25,OPERATIONAL,"('real_estate_agency', 'store', 'point_of_interest', 'establishment')",06005
Glow inmogestion ,"Zurbaran, 15, 2º-B, 06002 Badajoz, España",+34 626 58 36 62,https://glowinmogestion.com/,,,es,Google reviews: * / None,OPERATIONAL,"('real_estate_agency', 'point_of_interest', 'establishment')",06002
Flashome Inmobiliaria ( 06002 ),"C. Muñoz Torrero, 24, 06002 Badajoz, España",+34 611 47 48 21,https://www.flashome.net/,4.9,15.0,es,Google reviews: 4.9* / 15,OPERATIONAL,"('real_estate_agency', 'point_of_interest', 'establishment')",06002
Zona Urbana Badajoz,"C. Rafael Lucenqui, 6, 06004 Badajoz, España",+34 924 23 91 29,,3.0,24.0,es,Google reviews: 3* / 24,OPERATIONAL,"('real_estate_agency', 'general_contractor', 'consultant', 'point_of_interest', 'establishment')",06004
Inmobiliaria Santa Marina,"Av. Santa Marina, 16A, 06005 Badajoz, España",+34 924 22 19 93,,2.3,29.0,es,Google reviews: 2.3* / 29,OPERATIONAL,"('real_estate_agency', 'point_of_interest', 'establishment')",06005
Inmobiliaria Isidro Juan,"Av. de Pardaleras, 3, 06003 Badajoz, España",+34 635 40 47 46,https://pisosbadajoz.net/agency/inmobiliaria-isidro-juan/,2.1,27.0,es,Google reviews: 2.1* / 27,OPERATIONAL,"('real_estate_agency', 'point_of_interest', 'establishment')",06003
Rocio Da Quinta Personal shopper inmobiliario,"Av. Antonio Masa Campos, 5, 06005 Badajoz, España",+34 681 65 93 29,https://rociodaquinta.es/,,,es,Google reviews: * / None,OPERATIONAL,"('real_estate_agency', 'finance', 'point_of_interest', 'establishment')",06005
Gestor Integral de Inmuebles,"C. San Juan de Dios, 38, 06003 Badajoz, España",+34 924 93 30 97,http://www.gestorintegraldeinmuebles.es/,4.7,10.0,es,Google reviews: 4.7* / 10,OPERATIONAL,"('real_estate_agency', 'point_of_interest', 'establishment')",06003
INMO DUAL SERVICIOS INMOBILIARIOS,"C. ADELARDO COVARSI.º 7B, LOCAL BAJO, 06005 Badajoz, España",+34 614 41 83 44,http://www.inmodual.com/,5.0,1.0,es,Google reviews: 5* / 1,OPERATIONAL,"('real_estate_agency', 'point_of_interest', 'establishment')",06005
SERVICASA,"C. Prim, 44, 06001 Badajoz, España",+34 696 65 33 40,https://servicasainmo.com/,2.3,6.0,es,Google reviews: 2.3* / 6,OPERATIONAL,"('real_estate_agency', 'point_of_interest', 'establishment')",06001
emege Servicios Inmobiliarios,"Av. Fernando Calzadilla, 20, 06004 Badajoz, España",+34 649 94 13 06,,3.4,7.0,es,Google reviews: 3.4* / 7,OPERATIONAL,"('real_estate_agency', 'point_of_interest', 'establishment')",06004
Osga Badajoz,"Calle Virgen de la Soledad, 22, Edificio VS22, 06001 Badajoz, España",+34 910 88 58 89,http://www.grupoosga.com/,5.0,2.0,es,Google reviews: 5* / 2,OPERATIONAL,"('real_estate_agency', 'point_of_interest', 'establishment')",06001
Clavero360 Inmobiliaria,"C. del Maestro, 1, 06003 Badajoz, España",+34 675 68 68 18,https://www.cbinmo.es/,4.0,8.0,es,Google reviews: 4* / 8,OPERATIONAL,"('real_estate_agency', 'point_of_interest', 'establishment')",06003
El Laurel,"Cecilio Martinez Mediero, 06010 Badajoz, España",+34 924 23 68 54,,4.8,6.0,es,Google reviews: 4.8* / 6,OPERATIONAL,"('real_estate_agency', 'point_of_interest', 'establishment')",06010
Expocasa,"Av. Ricardo Carapeto Zambrano, 1, 06008 Badajoz, España",+34 924 09 84 76,http://expocasabadajoz.com/,4.1,92.0,es,Google reviews: 4.1* / 92,OPERATIONAL,"('real_estate_agency', 'point_of_interest', 'establishment')",06008
Casa Nueva Mundo Inmobiliario,"Av. de Cristobal Colón, 14, 8º B, 06005 Badajoz, España",+34 924 20 70 79,,3.7,7.0,es,Google reviews: 3.7* / 7,OPERATIONAL,"('real_estate_agency', 'point_of_interest', 'establishment')",06005
Inmobiliaria Hivi ,"Pl. del Pilar, 4, 06004 Badajoz, España",+34 924 24 67 03,,,,es,Google reviews: * / None,OPERATIONAL,"('real_estate_agency', 'moving_company', 'storage', 'point_of_interest', 'establishment')",06004
Enrique Pizarro Agente Inmobiliario,"Pardaleras los, C. Los Alpotreques, 4, 06003 Badajoz, España",+34 669 48 31 61,http://inmopizarro.es/,,,es,Google reviews: * / None,OPERATIONAL,"('real_estate_agency', 'point_of_interest', 'establishment')",06003
Viprés Inmobiliaria,"C. Camilo José Cela, 2, 06800 Mérida, Badajoz, España",+34 924 31 03 05,https://www.vipresinmobiliaria.com/,4.7,236.0,es,Google reviews: 4.7* / 236,OPERATIONAL,"('real_estate_agency', 'point_of_interest', 'establishment')",06800
Don Hache Inmobiliaria,"P.º de las Artes y de los Oficios, 38, local 11, 06800 Mérida, Badajoz, España",+34 622 35 28 61,https://donhacheinmobiliaria.es/,4.9,404.0,es,Google reviews: 4.9* / 404,OPERATIONAL,"('real_estate_agency', 'point_of_interest', 'establishment')",06800
Juparor Inmobiliaria S L,"Av. Juan Carlos I Rey de España, 6, 06001 Badajoz, España",+34 924 22 44 72,,,,es,Google reviews: * / None,OPERATIONAL,"('real_estate_agency', 'point_of_interest', 'establishment')",06001
Agencia Serrano Badajoz,"C. Santarén, 4, 06011 Badajoz, España",+34 924 22 73 05,,4.5,2.0,es,Google reviews: 4.5* / 2,OPERATIONAL,"('real_estate_agency', 'point_of_interest', 'establishment')",06011
Gabriel Rodríguez SAFTI Badajoz,"06010 Badajoz, España",+34 600 07 41 03,https://www.safti.es/tu-asesor-safti/gabriel-rodriguez,,,es,Google reviews: * / None,OPERATIONAL,"('real_estate_agency', 'point_of_interest', 'establishment')",06010
Contigo agencia inmobiliaria,,+34 657 65 24 39,https://www.facebook.com/profile.php?id=61565416493350,5.0,15.0,es,Google reviews: 5* / 15,OPERATIONAL,"('real_estate_agency', 'establishment')",
Portal Veinticuatro,"Av. María Auxiliadora, 59, 06010 Badajoz, España",+34 924 20 07 00,http://www.portal-24.net/,4.6,82.0,es,Google reviews: 4.6* / 82,OPERATIONAL,"('real_estate_agency', 'point_of_interest', 'establishment')",06010
Bloque Zero Inmobiliaria,"C. Godofredo Ortega y Muñoz, 15, local 2, 06011 Badajoz, España",+34 924 98 28 71,http://www.bloquezeroinmobiliaria.com/,3.9,17.0,es,Google reviews: 3.9* / 17,OPERATIONAL,"('real_estate_agency', 'point_of_interest', 'establishment')",06011
Tecnocasa agencia inmobiliaria ( 06008 ),"Av. Ricardo Carapeto Zambrano, 50, a, 06008 Badajoz, España",+34 671 82 56 07,https://badajoz2.tecnocasa.es/,4.7,26.0,es,Google reviews: 4.7* / 26,OPERATIONAL,"('real_estate_agency', 'finance', 'consultant', 'point_of_interest', 'establishment')",06008
Tecnocasa agencia inmobiliaria ( 06010 ),"Plaza Virgen de la Victoria, 1, 06010 Badajoz, España",+34 924 98 38 85,https://badajoz6.tecnocasa.es/,4.6,41.0,es,Google reviews: 4.6* / 41,OPERATIONAL,"('real_estate_agency', 'finance', 'consultant', 'point_of_interest', 'establishment')",06010
suHogar.es,"C. Salesianos, nº 17, C, 06011 Badajoz, España",+34 924 27 53 58,http://www.suhogar.es/,4.4,55.0,es,Google reviews: 4.4* / 55,OPERATIONAL,"('real_estate_agency', 'point_of_interest', 'establishment')",06011
ARCOS inmobiliaria,"Av. Jose María Alcaraz y Alenda, 23, 06011 Badajoz, España",+34 924 26 26 26,http://www.arcosinmobiliaria.com/,3.6,8.0,es,Google reviews: 3.6* / 8,OPERATIONAL,"('real_estate_agency', 'point_of_interest', 'establishment')",06011
Rojas Inmobiliaria,"Rda. del Pilar, 75, 06002 Badajoz, España",+34 686 08 80 34,http://rojasinmobiliaria.com/,,,es,Google reviews: * / None,OPERATIONAL,"('real_estate_agency', 'point_of_interest', 'establishment')",06002
CERO6 SERVICIOS INMOBILIARIOS,"P.º San Francisco, 06002 Badajoz, España",+34 629 25 99 72,https://cero6inmobiliaria.com/,,,es,Google reviews: * / None,OPERATIONAL,"('real_estate_agency', 'point_of_interest', 'establishment')",06002
Flashome Inmobiliaria ( 06410 ),"C. Hernán Cortés, 6, 06410 Santa Amalia, Badajoz, España",+34 685 99 66 81,https://www.flashome.net/,4.7,26.0,en,Google reviews: 4.7* / 26,OPERATIONAL,"('real_estate_agency', 'point_of_interest', 'establishment')",06410
Sierra Traviesa,"C. Alonso de Celada, 9, 06002 Badajoz, España",+34 609 14 42 97,https://www.sierratraviesa.es/,,,es,Google reviews: * / None,OPERATIONAL,"('real_estate_agency', 'point_of_interest', 'establishment')",06002
Inmobiliaria Colón,"C. Jacinto Benavente, 13, 06480 Montijo, Badajoz, España",+34 924 45 90 90,http://www.inmobiliariacolon.com/,4.8,429.0,es,Google reviews: 4.8* / 429,OPERATIONAL,"('real_estate_agency', 'point_of_interest', 'establishment')",06480
Inmoguadiana ciudad,"Av. Manuel Rojas Torres, 60, local B, 06008 Badajoz, España",+34 643 43 55 79,https://inmoguadianaciudad.com/,4.8,21.0,es,Google reviews: 4.8* / 21,OPERATIONAL,"('real_estate_agency', 'point_of_interest', 'establishment')",06008
Inmobiliaria Tecnicasa,"Av. María Auxiliadora, 7, 06010 Badajoz, España",+34 924 20 78 78,http://www.tecnicasa.net/,5.0,1.0,es,Google reviews: 5* / 1,OPERATIONAL,"('real_estate_agency', 'point_of_interest', 'establishment')",06010
Vibenza,"06008 Badajoz, España",+34 677 17 01 87,http://www.vibenza.com/,5.0,18.0,es,Google reviews: 5* / 18,OPERATIONAL,"('real_estate_agency', 'point_of_interest', 'establishment')",06008
casas en portugal,"Calle Museo, local 9A, Oficinas en Madrid, Lisboa y Algarve, 06003 Badajoz, España",+34 902 53 11 15,,5.0,1.0,es,Google reviews: 5* / 1,OPERATIONAL,"('real_estate_agency', 'point_of_interest', 'establishment')",06003
Tecnocasa San Fernando,"Av. Carolina Coronado, 16, 06006 Badajoz, España",+34 696 45 96 68,https://www.tecnocasa.es/,4.2,36.0,es,Google reviews: 4.2* / 36,OPERATIONAL,"('real_estate_agency', 'point_of_interest', 'establishment')",06006
REMAX CORE ,"Av. Juan Pereda Pila, 5, Local A, 06004 Badajoz, España",+34 924 96 48 06,https://www.remaxcore.es/,5.0,6.0,es,Google reviews: 5* / 6,OPERATIONAL,"('real_estate_agency', 'point_of_interest', 'establishment')",06004
Nucleo Inmobiliaria,"Av. Miguel Ángel Celdrán Matute, 7, Ent. E1, 06005 Badajoz, España",+34 667 62 01 82,http://www.nucleoinmobiliaria.es/,3.9,8.0,es,Google reviews: 3.9* / 8,OPERATIONAL,"('real_estate_agency', 'point_of_interest', 'establishment')",06005
ESRIV INMOBILIARIA REAL ESTATE,"C. Díaz Brito, 2, 06005 Badajoz, España",+34 824 88 18 95,https://www.esrivinmobiliara.com/,5.0,6.0,es,Google reviews: 5* / 6,OPERATIONAL,"('real_estate_agency', 'point_of_interest', 'establishment')",06005
Novakasa Inmobiliaria Badajoz,"Av. Miguel Ángel Celdrán Matute, 17, B, 06005 Badajoz, España",+34 924 98 41 61,http://www.novakasa.es/,4.3,10.0,es,Google reviews: 4.3* / 10,OPERATIONAL,"('real_estate_agency', 'point_of_interest', 'establishment')",06005
INMOBILIARIA GESTIEX,"C. Viñas, 2, 06200 Almendralejo, Badajoz, España",+34 924 67 09 19,https://www.inmobiliariagestiex.es/,4.9,232.0,es,Google reviews: 4.9* / 232,OPERATIONAL,"('real_estate_agency', 'point_of_interest', 'establishment')",06200
INMOBILIARIA JMESPAÑA,"C. Adelardo Covarsí, 22, 06005 Badajoz, España",+34 678 60 09 51,,,,es,Google reviews: * / None,OPERATIONAL,"('real_estate_agency', 'point_of_interest', 'establishment')",06005
Inmopoli Servicios Inmobiliarios Integrales,"Corte de Peleas, 96, 06009 Badajoz, España",+34 654 86 94 89,https://www.inmopoli.es/,5.0,13.0,es,Google reviews: 5* / 13,OPERATIONAL,"('real_estate_agency', 'point_of_interest', 'establishment')",06009
Rico 21 Inmobiliaria,"C. Jacinta García Hernández, 21, 06011 Badajoz, España",+34 623 21 86 47,https://www.rico21inmobiliaria.com/,5.0,4.0,es,Google reviews: 5* / 4,OPERATIONAL,"('real_estate_agency', 'point_of_interest', 'establishment')",06011
Mendiola & Martin,"Av. Carolina Coronado, 30, 06007 Badajoz, España",+34 924 27 73 14,http://www.mendiolamartin.com/,3.8,33.0,es,Google reviews: 3.8* / 33,OPERATIONAL,"('real_estate_agency', 'point_of_interest', 'establishment')",06007
Ikesa Inmobiliaria - Badajoz,"lusitania 06011, C. Jacinta García Hernández, 15, Local G.1 Edificio, 06011 Badajoz, España",+34 672 59 05 14,https://www.ikesainmobiliaria.es/,5.0,7.0,es,Google reviews: 5* / 7,OPERATIONAL,"('real_estate_agency', 'point_of_interest', 'establishment')",06011
Inmopoli,"San Roque, 06008 Badajoz, España",,https://www.inmopoli.es/,5.0,11.0,es,Google reviews: 5* / 11,OPERATIONAL,"('real_estate_agency', 'point_of_interest', 'establishment')",06008
INFOCASA BADAJOZ SERVICIOS INMOBILIARIOS,"Av. Ricardo Carapeto Zambrano, 51B, 06008 Badajoz, España",+34 924 23 05 03,,3.4,7.0,es,Google reviews: 3.4* / 7,OPERATIONAL,"('real_estate_agency', 'point_of_interest', 'establishment')",06008
marisolinmobiliaria,"IT IS ES, Av. Ricardo Carapeto Zambrano, 98A, 06008 Badajoz, España",+34 607 91 48 48,,1.0,1.0,es,Google reviews: 1* / 1,OPERATIONAL,"('real_estate_agency', 'point_of_interest', 'establishment')",06008
INMOBILIARIA INMOPLANET GESTIONES INMOBILIARIAS PISOS Y CASS EN BADAJOZ,"Av. Ricardo Carapeto Zambrano, 80, 06008 Badajoz, España",+34 924 22 93 34,,,,es,Google reviews: * / None,OPERATIONAL,"('real_estate_agency', 'point_of_interest', 'establishment')",06008
Inmobiliaria Villafranca,,+34 675 08 76 66,http://www.inmobiliariavillafranca.com/,5.0,2.0,es,Google reviews: 5* / 2,OPERATIONAL,"('real_estate_agency', 'establishment')",
RG Inmobiliaria Comprarcasa,"C. José María Álvarez, 1, 06400 Don Benito, Badajoz, España",+34 924 80 05 13,http://www.rginmobiliaria.info/,4.8,208.0,es,Google reviews: 4.8* / 208,OPERATIONAL,"('real_estate_agency', 'point_of_interest', 'establishment')",06400
MI CASA INMOBILIARIA,"C. Camilo José Cela, 4, 06800 Mérida, Badajoz, España",+34 924 31 71 65,http://www.micasainmobiliaria.es/,4.7,111.0,es,Google reviews: 4.7* / 111,OPERATIONAL,"('real_estate_agency', 'point_of_interest', 'establishment')",06800
iTOWER Inmobiliária,,+34 605 24 82 21,,,,es,Google reviews: * / None,OPERATIONAL,"('real_estate_agency', 'establishment')",
Inmobiliaria Inmobin,"C. Portugal, 11, Bajo, 06400 Don Benito, Badajoz, España",+34 645 29 03 93,http://www.inmobin.com/,4.9,73.0,es,Google reviews: 4.9* / 73,OPERATIONAL,"('real_estate_agency', 'point_of_interest', 'establishment')",06400
SERVICIOS INMOBILIARIOS CASTELAR ,"Pl. Emilio Castelar, 9, 06160 Barcarrota, Badajoz, España",+34 924 73 66 99,https://serviciosinmobiliarioscastelar.com/,5.0,2.0,es,Google reviews: 5* / 2,OPERATIONAL,"('real_estate_agency', 'point_of_interest', 'establishment')",06160
Punto Cero Construcción & Servicios inmobiliarios,"C. Vicente Delgado Algaba, 28, 06010 Badajoz, España",+34 638 46 74 85,https://www.instagram.com/puntoceroic?igsh=d2doYzVpd3RsMWR5,4.9,14.0,es,Google reviews: 4.9* / 14,OPERATIONAL,"('real_estate_agency', 'point_of_interest', 'establishment')",06010
Murillo's Real Estate,"Jacinta García Hernández, 13, 06011 Badajoz, España",+34 669 30 61 42,https://murillos.webnode.es/,4.7,16.0,es,Google reviews: 4.7* / 16,OPERATIONAL,"('real_estate_agency', 'point_of_interest', 'establishment')",06011
Inmober,"C. Francisco Guerra, 10, 06011 Badajoz, España",+34 924 25 57 48,http://www.inmober.es/,4.6,8.0,es,Google reviews: 4.6* / 8,OPERATIONAL,"('real_estate_agency', 'point_of_interest', 'establishment')",06011
NIROVENDE.es ,"Pl. de España, 7, 06120 Oliva de la Frontera, Badajoz, España",+34 699 77 87 26,https://nirovende.es/,4.9,10.0,es,Google reviews: 4.9* / 10,OPERATIONAL,"('real_estate_agency', 'point_of_interest', 'establishment')",06120
INLUMA Agencia Inmobiliaria,"C. Extremadura, 3, 06380 Jerez de los Caballeros, Badajoz, España",+34 924 75 05 19,http://www.inmobiliariainluma.com/,4.1,15.0,es,Google reviews: 4.1* / 15,OPERATIONAL,"('real_estate_agency', 'finance', 'consultant', 'point_of_interest', 'establishment')",06380
"Ronquillo, Inmobiliaria","06370 Burguillos del Cerro, Badajoz, España",+34 620 22 63 93,,5.0,1.0,es,Google reviews: 5* / 1,OPERATIONAL,"('real_estate_agency', 'point_of_interest', 'establishment')",06370
Inmosur Inmobiliaria ,"C. Casimiro González, 3, 06380 Jerez de los Caballeros, Badajoz, España",+34 924 75 18 61,http://inmosurinmobiliaria.es/,5.0,1.0,es,Google reviews: 5* / 1,OPERATIONAL,"('real_estate_agency', 'point_of_interest', 'establishment')",06380
Arquined Inmobiliaria y Arquitectura,"P.º Pilarito, 3, 06340 Fregenal de la Sierra, Badajoz, España",+34 924 70 11 66,http://www.arquined.com/,4.2,9.0,es,Google reviews: 4.2* / 9,OPERATIONAL,"('real_estate_agency', 'point_of_interest', 'establishment')",06340
INMOBILIARIA JAVIER GARCIA,"Av. de la Constitución, 1, 06220 Villafranca de los Barros, Badajoz, España",+34 692 83 09 15,http://www.inmobiliariajaviergarcia.com/,4.9,111.0,es,Google reviews: 4.9* / 111,OPERATIONAL,"('real_estate_agency', 'point_of_interest', 'establishment')",06220
AGENCIA INMOBILIARIA CEGOCA,"CL. DANZAORES 2 DE, Virgen de la Salud, 06340 Fregenal de la Sierra, Badajoz, España",+34 924 70 13 61,http://www.inmobiliariacegoca.com/,4.9,13.0,es,Google reviews: 4.9* / 13,OPERATIONAL,"('real_estate_agency', 'consultant', 'point_of_interest', 'establishment')",06340
INMOBILIARIA ARIAS,"C. Francisco Pizarro, 23, 06200 Almendralejo, Badajoz, España",+34 924 66 45 66,https://www.inmoarias.es/,4.5,48.0,es,Google reviews: 4.5* / 48,OPERATIONAL,"('real_estate_agency', 'point_of_interest', 'establishment')",06200
PEDRO FRANCO SERVICIOS INMOBILIARIOS,"C. Miguel Antolín, 10-A, 06200 Almendralejo, Badajoz, España",+34 924 01 47 77,https://www.inmopedrofranco.es/,5.0,26.0,es,Google reviews: 5* / 26,OPERATIONAL,"('real_estate_agency', 'point_of_interest', 'establishment')",06200
INMO POZO,"C. Vistahermosa, 46, 06200 Almendralejo, Badajoz, España",+34 651 40 84 26,http://www.inmopozo.com/,4.9,102.0,es,Google reviews: 4.9* / 102,OPERATIONAL,"('real_estate_agency', 'point_of_interest', 'establishment')",06200
José González Ramírez,"C. Templarios, 19, Bajo, 06380 Jerez de los Caballeros, Badajoz, España",+34 667 52 58 48,http://inmobiliaria-gonzalez.es/,3.0,2.0,es,Google reviews: 3* / 2,OPERATIONAL,"('real_estate_agency', 'point_of_interest', 'establishment')",06380
Inmobiliaria El Cordobés,"C. Reyes Huertas, 5, 06120 Oliva de la Frontera, Badajoz, España",+34 676 71 31 19,,,,es,Google reviews: * / None,OPERATIONAL,"('real_estate_agency', 'point_of_interest', 'establishment')",06120
Inmobiliaria Alfa Zafra,"Gta. Comarcal Eduardo Diaz de Teran, 11, 06300 Zafra, Badajoz, España",+34 924 55 19 38,http://www.alfazafra.com/,4.3,36.0,es,Google reviews: 4.3* / 36,OPERATIONAL,"('real_estate_agency', 'point_of_interest', 'establishment')",06300
Inmoesfera (Servicios Inmobiliarios),"C. Felipe V, 9, 06400 Don Benito, Badajoz, España",+34 639 16 96 27,http://www.inmoesfera.es/,4.4,19.0,es,Google reviews: 4.4* / 19,OPERATIONAL,"('real_estate_agency', 'point_of_interest', 'establishment')",06400
Exclusivas Juan Antonio,"calle Juan Pablo Forner, 1 - 1º ofic. 14 Avenida de la Constitución, Avenida de las Américas, esquina, 06800 Mérida, Badajoz, España",+34 924 30 11 11,http://www.juanantonio.com/,4.5,59.0,es,Google reviews: 4.5* / 59,OPERATIONAL,"('real_estate_agency', 'consultant', 'point_of_interest', 'establishment')",06800
FÍSER Inmobiliaria,"C. Huelva, 22, 06300 Zafra, Badajoz, España",+34 673 70 97 56,http://www.grupofiser.es/,4.5,63.0,es,Google reviews: 4.5* / 63,OPERATIONAL,"('real_estate_agency', 'point_of_interest', 'establishment')",06300
Inmobiliaria Domus,"C. Almendralejo, 20, 06800 Mérida, Badajoz, España",+34 924 30 45 44,http://www.inmobiliariadomus.com/,4.0,46.0,es,Google reviews: 4* / 46,OPERATIONAL,"('real_estate_agency', 'consultant', 'point_of_interest', 'establishment')",06800
TU ZONA INMOBILIARIA DON BENITO,"Av. de Badajoz, 1, 06400 Don Benito, Badajoz, España",+34 611 96 47 51,https://inmobiliariatuzona.com/,5.0,16.0,es,Google reviews: 5* / 16,OPERATIONAL,"('real_estate_agency', 'point_of_interest', 'establishment')",06400
NOVA INMOBILIARIA,"C. de Pérez Galdós, 5, 06400 Don Benito, Badajoz, España",+34 640 07 78 18,https://inmobiliarianovadb.com/,4.6,48.0,es,Google reviews: 4.6* / 48,OPERATIONAL,"('real_estate_agency', 'point_of_interest', 'establishment')",06400
Golden Inmobiliaria,"C. Portugal, 5, local, 06400 Don Benito, Badajoz, España",+34 658 60 25 67,http://labusquedagoldeninmobiliaria.es/,4.5,31.0,es,Google reviews: 4.5* / 31,OPERATIONAL,"('real_estate_agency', 'point_of_interest', 'establishment')",06400
TU ZONA INMOBILIARIA MÉRIDA,"Av. de Juan Carlos I, 25, 06800 Mérida, Badajoz, España",+34 601 51 48 67,https://inmobiliariatuzona.com/oficina-merida/?utm_source=google+&utm_medium=maps&utm_campaign=merida,5.0,101.0,es,Google reviews: 5* / 101,OPERATIONAL,"('real_estate_agency', 'finance', 'consultant', 'point_of_interest', 'establishment')",06800
Inmobiliaria Cervantes Mérida,"C. Félix Valverde Lillo, 4, Primera planta, 06800 Mérida, Badajoz, España",+34 617 35 17 31,http://www.inmocervantes.com/,4.4,53.0,es,Google reviews: 4.4* / 53,OPERATIONAL,"('real_estate_agency', 'point_of_interest', 'establishment')",06800
PROYGEB Agencia Inmobiliaria,"C. Moreno de Vargas, 11, 06800 Mérida, Badajoz, España",+34 924 31 19 94,http://www.proygeb.es/,4.3,39.0,es,Google reviews: 4.3* / 39,OPERATIONAL,"('real_estate_agency', 'point_of_interest', 'establishment')",06800
Inmobiliaria Eulogio Ruiz,"C. Arroyazo, 1, 06400 Don Benito, Badajoz, España",+34 924 81 25 57,https://www.inmobiliariaeulogio.com/,4.4,66.0,es,Google reviews: 4.4* / 66,OPERATIONAL,"('real_estate_agency', 'consultant', 'point_of_interest', 'establishment')",06400
Inmobiliaria Mora Díaz ,"Av. de Córdoba, 170, Local, 06400 Don Benito, Badajoz, España",+34 699 04 17 98,https://inmobiliariamoradiaz.com/,4.8,63.0,es,Google reviews: 4.8* / 63,OPERATIONAL,"('real_estate_agency', 'finance', 'consultant', 'point_of_interest', 'establishment')",06400
Diestro Inmobiliaria,"Calle Villanueva, 10, 06400 Don Benito, Badajoz, España",+34 924 81 15 01,http://www.diestroinmobiliaria.com/,4.1,14.0,es,Google reviews: 4.1* / 14,OPERATIONAL,"('real_estate_agency', 'general_contractor', 'point_of_interest', 'establishment')",06400
SANCHO PAREDES inmobiliaria,"Tr.ª de la Rbla., 6, 06800 Mérida, Badajoz, España",+34 667 63 21 67,http://sanchoparedesinmobiliaria.com/,4.6,229.0,es,Google reviews: 4.6* / 229,OPERATIONAL,"('real_estate_agency', 'point_of_interest', 'establishment')",06800
Baselga Inmobiliaria,"C. Francisco Vaca Morales, 1a, 06011 Badajoz, España",+34 610 26 91 26,http://www.baselgainmobiliaria.com/,2.7,15.0,es,Google reviews: 2.7* / 15,OPERATIONAL,"('real_estate_agency', 'point_of_interest', 'establishment')",06011
Inmobiliaria Chamizo,"C. San Francisco, 63, 06700 Villanueva de la Serena, Badajoz, España",+34 924 84 10 31,http://www.inmobiliariachamizo.com/,4.2,108.0,es,Google reviews: 4.2* / 108,OPERATIONAL,"('real_estate_agency', 'point_of_interest', 'establishment')",06700
Flashome Inmobiliaria ( 06400 ),"C. Ramón y Cajal, 7, 06400 Don Benito, Badajoz, España",+34 623 38 87 73,https://www.flashome.net/,5.0,6.0,es,Google reviews: 5* / 6,OPERATIONAL,"('real_estate_agency', 'point_of_interest', 'establishment')",06400
Garcia Inmobiliaria,"C. Tirso de Molina, Nº 11, 06810 Calamonte, Badajoz, España",+34 623 38 10 67,https://www.jpgarciainmobiliaria.com/contact/,4.4,7.0,es,Google reviews: 4.4* / 7,OPERATIONAL,"('real_estate_agency', 'point_of_interest', 'establishment')",06810
COSEIN,"C/ Ayala, nº 5, 06400 Don Benito, Badajoz, España",+34 610 29 34 46,,4.3,99.0,es,Google reviews: 4.3* / 99,OPERATIONAL,"('real_estate_agency', 'point_of_interest', 'establishment')",06400
Santos Inmobiliarios,"Avenida de, Av. Alonso Martín, 2, 06400 Don Benito, Badajoz, España",+34 647 98 45 87,https://www.santosinmobiliarios.com/,5.0,36.0,es,Google reviews: 5* / 36,OPERATIONAL,"('real_estate_agency', 'point_of_interest', 'establishment')",06400
inmobelmar,"Plza, Marceliano Ortiz Blasco, C. Colón, 34, 06100 Olivenza, Badajoz, España",+34 629 54 26 84,,3.8,4.0,es,Google reviews: 3.8* / 4,OPERATIONAL,"('real_estate_agency', 'point_of_interest', 'establishment')",06100
Inmobiliaria Adela Masot,"C. Caridad, 5, 06100 Olivenza, Badajoz, España",+34 678 61 92 34,https://www.facebook.com/inmobiliariaadelamasot,3.6,9.0,es,Google reviews: 3.6* / 9,OPERATIONAL,"('real_estate_agency', 'point_of_interest', 'establishment')",06100
Gestiones Inmobiliarias Belén Rubio,"Av. Ramón y Cajal, 06100 Olivenza, Badajoz, España",+34 658 56 17 54,,,,es,Google reviews: * / None,OPERATIONAL,"('real_estate_agency', 'point_of_interest', 'establishment')",06100
Paveco Siglo Xxi S L,"Calle Nte., 15, 06100 Olivenza, Badajoz, España",+34 924 49 11 55,,,,es,Google reviews: * / None,OPERATIONAL,"('real_estate_agency', 'point_of_interest', 'establishment')",06100
Vía Inmobiliaria,"Carretera Valverde, EX-310, 06010 Badajoz, España",+34 662 96 28 26,http://viainmobiliaria.es/,,,es,Google reviews: * / None,OPERATIONAL,"('real_estate_agency', 'point_of_interest', 'establishment')",06010
Fincasas Montesinos,"C. López, 8, 06410 Santa Amalia, Badajoz, España",+34 651 81 13 80,https://www.fincasasmontesinos.com/quienes_somos,,,es,Google reviews: * / None,OPERATIONAL,"('real_estate_agency', 'point_of_interest', 'establishment')",06410
Inmobiliaria Metro Cuadrado Mérida,"C. Miguel de Cervantes, 13, 06800 Mérida, Badajoz, España",+34 622 30 40 50,https://www.m2merida.com/,5.0,80.0,es,Google reviews: 5* / 80,OPERATIONAL,"('real_estate_agency', 'point_of_interest', 'establishment')",06800
Inmoba Gestion Inmobiliaria,"C. Parada, 12, 06470 Guareña, Badajoz, España",+34 924 35 22 63,http://www.inmobagestion.com/,4.2,11.0,es,Google reviews: 4.2* / 11,OPERATIONAL,"('real_estate_agency', 'consultant', 'point_of_interest', 'establishment')",06470
Urbiex,"C. Maestro, 8, 06400 Don Benito, Badajoz, España",+34 624 08 90 32,http://www.urbiex.es/,4.1,24.0,es,Google reviews: 4.1* / 24,OPERATIONAL,"('real_estate_agency', 'point_of_interest', 'establishment')",06400
Ideal Inmobiliaria,"C. Arroyazo, 16, 06400 Don Benito, Badajoz, España",+34 924 11 76 08,http://www.inmobiliariaideal.es/contacto,3.0,17.0,es,Google reviews: 3* / 17,OPERATIONAL,"('real_estate_agency', 'point_of_interest', 'establishment')",06400
La Busqueda Golden Inmobiliaria,"C. Santiago, 33, 06400 Don Benito, Badajoz, España",+34 658 60 25 67,https://www.labusquedagoldeninmobiliaria.es/,4.8,25.0,es,Google reviews: 4.8* / 25,OPERATIONAL,"('real_estate_agency', 'point_of_interest', 'establishment')",06400
"G & G, SOLUCIONES CB","Edificio Rocío, Av. de Extremadura, 06140 Talavera la Real, Badajoz, España",+34 924 44 02 37,http://g-g.es/,5.0,1.0,es,Google reviews: 5* / 1,OPERATIONAL,"('real_estate_agency', 'point_of_interest', 'establishment')",06140
DKASA INMOBILIARIA,"C. Rey Eurico, 24, 06800 Badajoz, España",+34 924 01 45 15,,,,es,Google reviews: * / None,OPERATIONAL,"('real_estate_agency', 'point_of_interest', 'establishment')",06800
Inmobiliaria Lares,"C. San Francisco, 28, 06700 Villanueva de la Serena, Badajoz, España",+34 924 84 60 44,http://www.inmobiliarialares.com/,4.6,25.0,es,Google reviews: 4.6* / 25,OPERATIONAL,"('real_estate_agency', 'point_of_interest', 'establishment')",06700
Manuela Castañeda,,+34 673 01 25 65,http://www.conmanuela.com/,5.0,20.0,es,Google reviews: 5* / 20,OPERATIONAL,"('real_estate_agency', 'consultant', 'establishment')",
Habito Inmobiliaria,"C. José Martínez Ruiz-Azorín, 27, Local, 06800 Mérida, Badajoz, España",+34 924 30 87 24,,4.5,35.0,es,Google reviews: 4.5* / 35,OPERATIONAL,"('real_estate_agency', 'point_of_interest', 'establishment')",06800
CARMEN MENA INMOMÉRIDA,"06800 Mérida, Badajoz, España",+34 600 06 33 33,http://www.inmomerida.es/,5.0,4.0,es,Google reviews: 5* / 4,OPERATIONAL,"('real_estate_agency', 'point_of_interest', 'establishment')",06800
DHR Servicios Inmobiliarios,,+34 651 01 84 64,,5.0,38.0,es,Google reviews: 5* / 38,OPERATIONAL,"('real_estate_agency', 'establishment')",
Inmobiliaria Hernández,"C. Francisco Pizarro, 37, 06150 Sta Marta, Badajoz, España",+34 670 24 06 71,,5.0,1.0,es,Google reviews: 5* / 1,OPERATIONAL,"('real_estate_agency', 'point_of_interest', 'establishment')",06150
Inmobiliaria Adaix Santa Marta,"C. Badajoz, 30, 06150 Sta Marta, Badajoz, España",+34 924 69 08 41,https://santamarta.adaix.com/,3.0,4.0,es,Google reviews: 3* / 4,OPERATIONAL,"('real_estate_agency', 'insurance_agency', 'finance', 'consultant', 'point_of_interest', 'establishment')",06150
Inmobiliaria Santos,"Av. Extremadura, 21, 06150 Sta Marta, Badajoz, España",+34 617 54 02 34,http://www.santos-m.com/,,,es,Google reviews: * / None,OPERATIONAL,"('real_estate_agency', 'point_of_interest', 'establishment')",06150
Gestión De Inmuebles Santa Marta S.L.,"Av. Extremadura, 148, 06150 Sta Marta, Badajoz, España",+34 625 41 10 87,,,,es,Google reviews: * / None,OPERATIONAL,"('real_estate_agency', 'point_of_interest', 'establishment')",06150
TU ZONA INMOBILIARIA ALMENDRALEJO,"Av. de la Paz, 9, 06200 Almendralejo, Badajoz, España",+34 686 31 88 54,https://inmobiliariatuzona.com/oficina-almendralejo/?utm_source=google+&utm_medium=maps&utm_campaign=almendralejo,4.7,91.0,es,Google reviews: 4.7* / 91,OPERATIONAL,"('real_estate_agency', 'finance', 'consultant', 'point_of_interest', 'establishment')",06200
BAGUA INMOBILIARIA,"C. Francisco Pizarro, 42, local D, 06200 Almendralejo, Badajoz, España",+34 630 34 14 20,https://www.baguainmobiliaria.com/,5.0,9.0,es,Google reviews: 5* / 9,OPERATIONAL,"('real_estate_agency', 'point_of_interest', 'establishment')",06200
La Búsqueda,"C. Santiago, 33, 06400 Don Benito, Badajoz, España",+34 687 09 30 32,http://inmobiliarialabusqueda.es/,4.8,11.0,es,Google reviews: 4.8* / 11,OPERATIONAL,"('real_estate_agency', 'point_of_interest', 'establishment')",06400
REDAYMA SL,"Ctra. del Pilar, 06173 Nogales, Badajoz, España",+34 620 53 35 37,,,,es,Google reviews: * / None,OPERATIONAL,"('real_estate_agency', 'point_of_interest', 'establishment')",06173
Inmobiliaria Bravo,"C. Jose Alguacil-Carrasco Martin, 06400 Don Benito, Badajoz, España",+34 924 80 81 58,http://www.bravoinmobiliaria.es/,3.2,10.0,es,Google reviews: 3.2* / 10,OPERATIONAL,"('real_estate_agency', 'point_of_interest', 'establishment')",06400
Danan Inmobiliaria,"C. Soledad, 11, 06186 Guadiana, Badajoz, España",+34 646 96 36 17,,1.0,1.0,es,Google reviews: 1* / 1,OPERATIONAL,"('real_estate_agency', 'point_of_interest', 'establishment')",06186
Avanze,"Calle Berzocana, 4, 06800 Mérida, Badajoz, España",+34 655 01 51 15,https://www.inmobiliariaavanze.com/,5.0,4.0,es,Google reviews: 5* / 4,OPERATIONAL,"('real_estate_agency', 'point_of_interest', 'establishment')",06800
Angel Ruiz Pisos Y Casas by EXP (Mérida),"Av. Reina Sofia, Centro de Negocios, Tr.ª de la Reina Sofía, 1, Planta despacho 5, 06800 Mérida, Badajoz, España",+34 692 80 32 69,https://angelruiz.exp-spain.com/,5.0,21.0,es,Google reviews: 5* / 21,OPERATIONAL,"('real_estate_agency', 'point_of_interest', 'establishment')",06800
INMOBILIARIA DE ALMENDRALEJO JUAN CARLOS CABALLERO,"Calle Francisco Pizarro n°20a, junto, C. la Hierba, 06200 Almendralejo, Badajoz, España",+34 615 59 58 86,,4.3,3.0,es,Google reviews: 4.3* / 3,OPERATIONAL,"('real_estate_agency', 'point_of_interest', 'establishment')",06200
Inmobiliaria VIVE Cáceres,,+34 644 01 72 76,http://www.inmobiliariavivecaceres.com/,3.0,16.0,es,Google reviews: 3* / 16,OPERATIONAL,"('real_estate_agency', 'establishment')",
ALBURQUERQUE INMOBILIARIA,"Polígono Industrial, 06510 Alburquerque, Badajoz, España",+34 924 40 04 63,,4.8,4.0,es,Google reviews: 4.8* / 4,OPERATIONAL,"('real_estate_agency', 'point_of_interest', 'establishment')",06510
Inmobiliaria Montijo,"Rda. del Valle, 9, 06480 Montijo, Badajoz, España",+34 635 09 46 06,http://www.inmobiliariamontijo.es/,4.0,47.0,es,Google reviews: 4* / 47,OPERATIONAL,"('real_estate_agency', 'point_of_interest', 'establishment')",06480
Inmobiliaria Suroeste,"C/ Ayala, 5, 06400 Don Benito, Badajoz, España",+34 695 78 22 75,https://inmobiliariasuroeste.es/,3.0,32.0,es,Google reviews: 3* / 32,OPERATIONAL,"('real_estate_agency', 'point_of_interest', 'establishment')",06400
Inmobiliaria Don Ático ,"C. Carreras, 4, 06200 Almendralejo, Badajoz, España",+34 641 22 98 19,http://www.ignaciolloret.es/,4.4,14.0,es,Google reviews: 4.4* / 14,OPERATIONAL,"('real_estate_agency', 'point_of_interest', 'establishment')",06200
M&N.Properties,"edificio España, Pl. Constitución, 2 principal, 06200 Almendralejo, Badajoz, España",+34 611 84 05 56,https://www.mnproperties.es/contacto,4.7,30.0,es,Google reviews: 4.7* / 30,OPERATIONAL,"('real_estate_agency', 'point_of_interest', 'establishment')",06200
Gestiones Inmobiliarias Domus del Suroeste SL,"C. Vistahermosa, 39, 06200 Almendralejo, Badajoz, España",+34 924 67 78 34,http://inmodomus.es/,4.6,5.0,es,Google reviews: 4.6* / 5,OPERATIONAL,"('real_estate_agency', 'point_of_interest', 'establishment')",06200
SAFE INMOBILIARIA,"C. Villalba, 2, 06200 Almendralejo, Badajoz, España",+34 656 86 38 45,,4.6,9.0,es,Google reviews: 4.6* / 9,OPERATIONAL,"('real_estate_agency', 'point_of_interest', 'establishment')",06200
IMPACTO ASESORES INMOBILIARIOS,"C. Goya, 11, B, 06207 Aceuchal, Badajoz, España",+34 672 72 56 71,,,,es,Google reviews: * / None,OPERATIONAL,"('real_estate_agency', 'point_of_interest', 'establishment')",06207
Alfa Inmobiliaria Villafranca,"C. Colón, 13, 06220 Villafranca de los Barros, Badajoz, España",+34 695 93 74 13,https://www.alfavillafrancainmobiliaria.com/,4.9,11.0,es,Google reviews: 4.9* / 11,OPERATIONAL,"('real_estate_agency', 'point_of_interest', 'establishment')",06220
Inmobiliaria Fco Javier Ruiz,"C. Carrera Chica, 1, 06220 Villafranca de los Barros, Badajoz, España",+34 617 11 14 70,http://www.inmobarros.com/,4.2,5.0,es,Google reviews: 4.2* / 5,OPERATIONAL,"('real_estate_agency', 'point_of_interest', 'establishment')",06220
inmobiliaria abp altozano,"Tlf 924520096 Móvil 647737510, Calle Ntra. Sra. de la Cabeza, 3, 06220 Villafranca de los Barros, Badajoz, España",+34 924 52 00 96,,4.0,2.0,es,Google reviews: 4* / 2,OPERATIONAL,"('real_estate_agency', 'point_of_interest', 'establishment')",06220
Inmobiliaria N. Gallego,"C. Alemania, 36, 06220 Villafranca de los Barros, Badajoz, España",+34 659 25 77 90,https://www.inmongallego.com/,,,es,Google reviews: * / None,OPERATIONAL,"('real_estate_agency', 'point_of_interest', 'establishment')",06220
Casa Rural de la Finca Sierra Grande,"Camino de la Umbría, s/n, 06228 Hornachos, Badajoz, España",+34 696 37 86 01,http://casaruralsierragrande.com/,5.0,1.0,en,Google reviews: 5* / 1,OPERATIONAL,"('real_estate_agency', 'point_of_interest', 'establishment')",06228
AYC INMOBILIARIA,"C/Celemin, 1, 06230 Los Santos de Maimona, Badajoz, España",+34 609 06 40 61,,5.0,102.0,es,Google reviews: 5* / 102,OPERATIONAL,"('real_estate_agency', 'point_of_interest', 'establishment')",06230
CONSTRUCTORA E INMOBILIARIA JLF,"C. San Lorenzo, 19, 06230 Los Santos de Maimona, Badajoz, España",+34 605 27 36 15,,5.0,3.0,es,Google reviews: 5* / 3,OPERATIONAL,"('real_estate_agency', 'store', 'point_of_interest', 'establishment')",06230
Finca El Atardecer. Casa Rural.,"C. Padre Luis, 35, 06230 Los Santos de Maimona, Badajoz, España",+34 672 15 40 14,http://fincaelatardecer.com/,4.8,57.0,es,Google reviews: 4.8* / 57,OPERATIONAL,"('real_estate_agency', 'point_of_interest', 'establishment')",06230
Innova Homes Inmobiliaria,,+34 616 68 53 54,http://www.innovahomes.es/,,,es,Google reviews: * / None,OPERATIONAL,"('real_estate_agency', 'establishment')",
Agencia Inmobiliaria Alconera,"C. Central, 2, 06300 Zafra, Badajoz, España",+34 924 55 19 23,https://inmobiliariaalconera.com/,4.5,8.0,es,Google reviews: 4.5* / 8,OPERATIONAL,"('real_estate_agency', 'point_of_interest', 'establishment')",06300
GESCONPLUS,"Jesus, 96, 06240 Fuente de Cantos, Badajoz, España",+34 924 58 00 50,,,,es,Google reviews: * / None,OPERATIONAL,"('real_estate_agency', 'point_of_interest', 'establishment')",06240
"Asesores Iglesias Toro, S.L.","Pl. Zurbarán, 10, 06240 Fuente de Cantos, Badajoz, España",+34 680 42 38 47,https://asesoresiglesiastoro.es/,,,es,Google reviews: * / None,OPERATIONAL,"('real_estate_agency', 'point_of_interest', 'establishment')",06240
J. Moñino Asesoría Integral S.l.,"C. Isabel la Católica, 22, 06240 Fuente de Cantos, Badajoz, España",+34 924 50 02 81,http://www.jmoñino.es/,5.0,74.0,es,Google reviews: 5* / 74,OPERATIONAL,"('real_estate_agency', 'insurance_agency', 'finance', 'consultant', 'point_of_interest', 'establishment')",06240
ITHLUX Inmobiliaria Don Benito ,,+34 603 75 48 65,https://www.miguelnaciri.com/,5.0,8.0,es,Google reviews: 5* / 8,OPERATIONAL,"('real_estate_agency', 'consultant', 'establishment')",
Area 5 Inmobiliaria,"Av. Reina Sofia, 24, 06800 Mérida, Badajoz, España",+34 924 31 00 01,https://area5.es/,4.3,124.0,es,Google reviews: 4.3* / 124,OPERATIONAL,"('real_estate_agency', 'point_of_interest', 'establishment')",06800
Inmobiliaria López Ramiro,"C. de la Constitución, nº 9, 06420 Castuera, Badajoz, España",+34 924 76 14 61,http://www.inmobiliarialopezramiro.es/,2.6,10.0,es,Google reviews: 2.6* / 10,OPERATIONAL,"('real_estate_agency', 'finance', 'point_of_interest', 'establishment')",06420
INICIA Servicios Inmobiliarios,"Paseo de Extremadura, nº 90, 06260 Monesterio, Badajoz, España",+34 626 21 63 15,https://www.facebook.com/Inicia-Servicios-Inmobiliarios-1126400104165500/,4.9,92.0,es,Google reviews: 4.9* / 92,OPERATIONAL,"('real_estate_agency', 'consultant', 'point_of_interest', 'establishment')",06260
Fincasurex,"Paseo de Extremadura, 223, 06260 Monesterio, Badajoz, España",+34 924 51 64 52,http://www.fincasurex.com/,3.8,5.0,es,Google reviews: 3.8* / 5,OPERATIONAL,"('real_estate_agency', 'point_of_interest', 'establishment')",06260
RS Group Real Estate,,+34 674 69 66 07,https://www.rsgrouprealestate.com/,5.0,21.0,es,Google reviews: 5* / 21,OPERATIONAL,"('real_estate_agency', 'establishment')",
Alfa inmobiliaria,"C. Cerezo, 1, 06260 Monesterio, Badajoz, España",+34 924 14 31 46,,,,es,Google reviews: * / None,OPERATIONAL,"('real_estate_agency', 'point_of_interest', 'establishment')",06260
Inmobiliaria Fuente Nueva,"Av. Constitución, 113, 06394 Bodonal de la Sierra, Badajoz, España",+34 675 42 66 95,http://inmobiliariafuentenueva.com/,5.0,5.0,es,Google reviews: 5* / 5,OPERATIONAL,"('real_estate_agency', 'point_of_interest', 'establishment')",06394
Inmobiliaria Multiservicios Tentudía,"C. Tienda, 7, 06293 Cabeza la Vaca, Badajoz, España",+34 659 44 32 27,https://inmobiliariatentudia.com/,3.7,3.0,es,Google reviews: 3.7* / 3,OPERATIONAL,"('real_estate_agency', 'point_of_interest', 'establishment')",06293
ITHLUX Inmobiliaria Merida,,+34 603 75 48 65,https://ithlux.com/agencia-3/93/caceres/,,,es,Google reviews: * / None,OPERATIONAL,"('real_estate_agency', 'consultant', 'establishment')",
Inmobiliaria Domínguez ,"TENIENTE CORONEL ROMERO BALTASAR 3, C. T.Coronel Romero Baltasar, 3, 06300 Zafra, Badajoz, España",+34 609 09 68 03,https://inmobiliarialuisdominguez.es/,5.0,3.0,es,Google reviews: 5* / 3,OPERATIONAL,"('real_estate_agency', 'point_of_interest', 'establishment')",06300
Inmobiliaria BR,"Pje. Feria, 27, 1ºB, 06300 Zafra, Badajoz, España",+34 678 85 64 37,,5.0,2.0,es,Google reviews: 5* / 2,OPERATIONAL,"('real_estate_agency', 'accounting', 'finance', 'consultant', 'point_of_interest', 'establishment')",06300
Guti Inmobiliaria,"BA-160, 06330 Valencia del Ventoso, Badajoz, España",+34 625 57 66 82,http://www.guti-inmobiliaria.com/,5.0,1.0,es,Google reviews: 5* / 1,OPERATIONAL,"('real_estate_agency', 'point_of_interest', 'establishment')",06330
Servicios Inmobiliarios Castelar,,+34 652 22 10 83,https://serviciosinmobiliarioscastelar.com/,,,es,Google reviews: * / None,OPERATIONAL,"('real_estate_agency', 'establishment')",
ÁticoTres Imagina ,"C. los Martires, 40, 06160 Barcarrota, Badajoz, España",+34 656 61 02 05,,4.3,4.0,es,Google reviews: 4.3* / 4,OPERATIONAL,"('real_estate_agency', 'general_contractor', 'point_of_interest', 'establishment')",06160
INMOBILIARIA SERGIO SANCHEZ,"C. Alonso Mendoza, nº2, 06400 Don Benito, Badajoz, España",+34 924 80 52 55,,5.0,4.0,es,Google reviews: 5* / 4,OPERATIONAL,"('real_estate_agency', 'consultant', 'point_of_interest', 'establishment')",06400
Marisa Inmobiliaria,"Consuelo torres, 2, 06400 Don Benito, Badajoz, España",+34 924 80 81 50,http://www.marisainmobiliaria.es/,3.9,30.0,es,Google reviews: 3.9* / 30,OPERATIONAL,"('real_estate_agency', 'point_of_interest', 'establishment')",06400
Inmobiliaria Muñiz ( 06400 ),"Av. de la Constitución, 74, 06400 Don Benito, Badajoz, España",+34 924 81 16 58,http://www.apimuniz.com/,4.4,8.0,es,Google reviews: 4.4* / 8,OPERATIONAL,"('real_estate_agency', 'apartment_building', 'finance', 'consultant', 'point_of_interest', 'establishment')",06400
Inmobiliaria Sol,"Av. de la Constitución, 41, 06400 Don Benito, Badajoz, España",+34 924 81 13 59,http://inmobiliariasoldeextremadura.es/,3.6,27.0,es,Google reviews: 3.6* / 27,OPERATIONAL,"('real_estate_agency', 'point_of_interest', 'establishment')",06400
Inmobiliariammb,"C. Arroyazo, 10, 06400 Don Benito, Badajoz, España",+34 669 65 46 92,http://www.inmobiliariammb.com/?page_id=389,3.0,2.0,es,Google reviews: 3* / 2,OPERATIONAL,"('real_estate_agency', 'point_of_interest', 'establishment')",06400
FELIX MUÑOZ INMOBILIARIA,"C. Sta. Amalia, 17, 1 d, 06400 Don Benito, Badajoz, España",+34 675 58 68 20,https://inmobiliariafelixmunoz.es/,,,es,Google reviews: * / None,OPERATIONAL,"('real_estate_agency', 'point_of_interest', 'establishment')",06400
Te Cuidan Vegas Altas S L,"C. Manuel Parejo Bahamonde, 5, 06400 Don Benito, Badajoz, España",+34 924 80 55 93,,4.0,1.0,es,Google reviews: 4* / 1,OPERATIONAL,"('real_estate_agency', 'point_of_interest', 'establishment')",06400
Rústicas GEA Brokers,"C. Ebanistas, 1, oficina B, 06400 Don Benito, Badajoz, España",+34 647 35 89 45,http://rusticasgeabrokers.es/,,,es,Google reviews: * / None,OPERATIONAL,"('real_estate_agency', 'point_of_interest', 'establishment')",06400
PCN Inmobiliaria,"C. Sta. Elena, 43, 06400 Don Benito, Badajoz, España",+34 615 05 18 06,,1.0,3.0,es,Google reviews: 1* / 3,OPERATIONAL,"('real_estate_agency', 'point_of_interest', 'establishment')",06400
Agencia Universalis,"C. Magacela, 22, bajo, 06700 Villanueva de la Serena, Badajoz, España",+34 626 62 60 63,,5.0,1.0,es,Google reviews: 5* / 1,OPERATIONAL,"('real_estate_agency', 'point_of_interest', 'establishment')",06700
autocaravanas Selections,"C. Tirso de Molina, 6, 06420 Castuera, Badajoz, España",+34 625 11 71 22,https://www.autocaravanaselections.com/,5.0,16.0,es,Google reviews: 5* / 16,OPERATIONAL,"('real_estate_agency', 'point_of_interest', 'establishment')",06420
Inmobiliaria Siruela,,+34 608 98 80 15,http://inmobiliariasiruela.com/,3.7,3.0,es,Google reviews: 3.7* / 3,OPERATIONAL,"('real_estate_agency', 'establishment')",
Josune Huerto Asesoría Integral,"C. Mártires, 1, 06439 Esparragosa de la Serena, Badajoz, España",+34 687 87 89 41,https://www.josunehuerto.com/,5.0,4.0,es,Google reviews: 5* / 4,OPERATIONAL,"('real_estate_agency', 'point_of_interest', 'establishment')",06439
INMOBILIARIA ( 06450 ),"C. Donoso Cortés, 30, 06450 Quintana de la Serena, Badajoz, España",+34 693 93 67 30,http://inmobiliariadavilagarcia.es/,3.5,2.0,es,Google reviews: 3.5* / 2,OPERATIONAL,"('real_estate_agency', 'point_of_interest', 'establishment')",06450
Inmobiliaria Gestión Y Servicios Intressol,"C. Gabriel y Galán, 5, 06700 Villanueva de la Serena, Badajoz, España",+34 924 84 26 83,https://www.intressol.com/,2.1,7.0,es,Google reviews: 2.1* / 7,OPERATIONAL,"('real_estate_agency', 'point_of_interest', 'establishment')",06700
Nieto Gómez Inmobiliaria,"C. de Antonio Maura, Nº4, 06700 Villanueva de la Serena, Badajoz, España",+34 924 84 70 50,,,,es,Google reviews: * / None,OPERATIONAL,"('real_estate_agency', 'point_of_interest', 'establishment')",06700
Inmovex,,+34 603 95 53 39,https://inmovex.es/,,,es,Google reviews: * / None,OPERATIONAL,"('real_estate_agency', 'consultant', 'establishment')",
INMOVEX · Soluciones Inmobiliarias,"C/ Polideportivo, s/n, 06670 Herrera del Duque, Badajoz, España",+34 603 95 53 39,https://inmovex.es/,,,es,Google reviews: * / None,OPERATIONAL,"('real_estate_agency', 'point_of_interest', 'establishment')",06670
Oficina Multiservicio,"C. La Haba, 12, 06700 Villanueva de la Serena, Badajoz, España",+34 677 97 77 48,https://www.oficinamultiservicio.com/,5.0,1.0,es,Google reviews: 5* / 1,OPERATIONAL,"('real_estate_agency', 'point_of_interest', 'establishment')",06700
Construcciones Generales Sánchez Gallardo S L,"C. Álamo, 5, 06460 Campanario, Badajoz, España",+34 924 85 11 08,,,,es,Google reviews: * / None,OPERATIONAL,"('real_estate_agency', 'point_of_interest', 'establishment')",06460
INMOBILIARIA ( 06740 ),"C. Ramón y Cajal, 2, 06740 Orellana la Vieja, Badajoz, España",+34 924 86 65 72,,4.1,8.0,es,Google reviews: 4.1* / 8,OPERATIONAL,"('real_estate_agency', 'point_of_interest', 'establishment')",06740
Tecnocasa agencia inmobiliaria ( 06800 ),"C. Almendralejo, 47, 1º Planta, 06800 Mérida, Badajoz, España",+34 824 63 01 97,https://merida2.tecnocasa.es/,4.8,87.0,es,Google reviews: 4.8* / 87,OPERATIONAL,"('real_estate_agency', 'consultant', 'finance', 'point_of_interest', 'establishment')",06800
Mitrea Red Inmobiliaria,"C. Dion Casio, 2, 06800 Mérida, Badajoz, España",+34 634 45 54 70,https://www.mitrea.es/,4.8,19.0,es,Google reviews: 4.8* / 19,OPERATIONAL,"('real_estate_agency', 'point_of_interest', 'establishment')",06800
Emérita Casa,"C/ José Ramón Mélida, 2, 06800 Mérida, Badajoz, España",+34 635 69 21 75,http://www.emeritacasa.com/,4.4,27.0,es,Google reviews: 4.4* / 27,OPERATIONAL,"('real_estate_agency', 'finance', 'consultant', 'general_contractor', 'point_of_interest', 'establishment')",06800
MYL Servicios Inmobiliarios,"Centro de Negocios La Campana, C. Juan Pablo Forner, 1, Despacho 13, 06800 Mérida, Badajoz, España",+34 605 87 18 51,https://www.mylserviciosinmobiliarios.com/,5.0,13.0,es,Google reviews: 5* / 13,OPERATIONAL,"('real_estate_agency', 'point_of_interest', 'establishment')",06800
Casabanco.es,"Av. Constitución, 34, 06800 Mérida, Badajoz, España",+34 924 31 65 17,https://www.casabanco.es/,4.4,7.0,es,Google reviews: 4.4* / 7,OPERATIONAL,"('real_estate_agency', 'point_of_interest', 'establishment')",06800
Concepto Inmobiliaria,"C. Félix Valverde Lillo, 3, 06800 Mérida, Badajoz, España",+34 924 10 88 21,https://conceptoinmobiliaria.es/,,,es,Google reviews: * / None,OPERATIONAL,"('real_estate_agency', 'point_of_interest', 'establishment')",06800
Servicios Centrales Viprés Inmobiliaria,"C. Camilo José Cela, 12, A, 06800 Mérida, Badajoz, España",+34 924 31 65 17,http://www.vipresinmobiliaria.com/,3.5,2.0,es,Google reviews: 3.5* / 2,OPERATIONAL,"('real_estate_agency', 'point_of_interest', 'establishment')",06800
Chenaal-Inmo,"C. Viñeros, 1, 06800 Mérida, Badajoz, España",+34 664 77 76 72,http://www.chenaal-inmo.com/,3.5,8.0,es,Google reviews: 3.5* / 8,OPERATIONAL,"('real_estate_agency', 'point_of_interest', 'establishment')",06800
TECNICOS INMOBILIARIOS,"C. Alvarado, 21, 06800 Mérida, Badajoz, España",+34 924 33 06 53,http://www.tecnicosinmobiliarios.net/,3.0,5.0,es,Google reviews: 3* / 5,OPERATIONAL,"('real_estate_agency', 'consultant', 'finance', 'point_of_interest', 'establishment')",06800
Inmobiliaria DG,"C. Marquesa de Pinares, 1, 06800 Mérida, Badajoz, España",+34 924 34 70 24,,,,es,Google reviews: * / None,OPERATIONAL,"('real_estate_agency', 'point_of_interest', 'establishment')",06800
El Lagar Inmobiliaria,"C. Concepción Arenal, 42, 06480 Montijo, Badajoz, España",+34 924 45 02 38,http://inmobiliariaelagarenmontijo.com/,3.6,25.0,es,Google reviews: 3.6* / 25,OPERATIONAL,"('real_estate_agency', 'point_of_interest', 'establishment')",06480
Promocosta,"C. Castelar, 06480 Montijo, Badajoz, España",+34 691 35 71 21,,5.0,2.0,es,Google reviews: 5* / 2,OPERATIONAL,"('real_estate_agency', 'point_of_interest', 'establishment')",06480
Nany Espacios,"C. Caya, 9, 06480 Montijo, Badajoz, España",+34 676 83 37 33,https://nanyespacios.com/,4.4,14.0,es,Google reviews: 4.4* / 14,OPERATIONAL,"('real_estate_agency', 'point_of_interest', 'establishment')",06480
Antonia María López Arias,"C. Duero, 3, 06480 Montijo, Badajoz, España",+34 924 45 00 87,,5.0,1.0,es,Google reviews: 5* / 1,OPERATIONAL,"('real_estate_agency', 'point_of_interest', 'establishment')",06480
Inmobiliaria HR,"Pl. España, 3, 06500 San Vicente de Alcántara, Badajoz, España",+34 924 71 76 19,http://inmobiliariahr.com/,5.0,3.0,es,Google reviews: 5* / 3,OPERATIONAL,"('real_estate_agency', 'point_of_interest', 'establishment')",06500
INMOBILIARIA INMOGOR,"Av. Badajoz, 92, Local 2, 06500 San Vicente de Alcántara, Badajoz, España",+34 924 41 13 15,http://www.inmogor.com/,3.9,12.0,es,Google reviews: 3.9* / 12,OPERATIONAL,"('real_estate_agency', 'point_of_interest', 'establishment')",06500
Inmobiliaria Alburquerque S L,"Carr Badajoz, KM.34,500, 06510 Alburquerque, Badajoz, España",+34 924 40 00 46,,3.0,2.0,es,Google reviews: 3* / 2,OPERATIONAL,"('real_estate_agency', 'point_of_interest', 'establishment')",06510
INMOREX,"Ctra. Talarrubias, 72, 06770 Casas de Don Pedro, Badajoz, España",+34 924 86 45 35,,4.5,2.0,es,Google reviews: 4.5* / 2,OPERATIONAL,"('real_estate_agency', 'point_of_interest', 'establishment')",06770
Inmobiliaria Mapula -V-,"Av. Madrid, Km 2, 06689 Valdecaballeros, Badajoz, España",+34 661 86 18 37,,4.2,6.0,es,Google reviews: 4.2* / 6,OPERATIONAL,"('real_estate_agency', 'point_of_interest', 'establishment')",06689
NMOBILIARIA AFS SANROMAN PISOS Y CASAS TALARRUBIAS BADAJOZ,"C. Pilarito, 6, 06640 Talarrubias, Badajoz, España",+34 924 63 14 49,,1.0,1.0,es,Google reviews: 1* / 1,OPERATIONAL,"('real_estate_agency', 'point_of_interest', 'establishment')",06640
Javier Bus,"C. Poligono Industrial, 06640 Talarrubias, Badajoz, España",+34 659 25 88 18,http://www.javierbus.es/,5.0,10.0,es,Google reviews: 5* / 10,OPERATIONAL,"('real_estate_agency', 'point_of_interest', 'establishment')",06640
Zalamea Inmobiliaria,"Pl. Calderón de la Barca, 27, 06430 Zalamea de la Serena, Badajoz, España",+34 924 78 06 27,,4.5,4.0,es,Google reviews: 4.5* / 4,OPERATIONAL,"('real_estate_agency', 'insurance_agency', 'point_of_interest', 'establishment')",06430
Jardines de la Universidad,"Paseo Condes de Barcelona, 25, 06010 Badajoz, España",+34 924 22 72 73,http://jardinesdelauniversidad.es/,3.2,5.0,es,Google reviews: 3.2* / 5,OPERATIONAL,"('real_estate_agency', 'point_of_interest', 'establishment')",06010
Inmobiliaria Muñiz ( 06700 ),"C. Alonso Muñoz, 3, 06700 Villanueva de la Serena, Badajoz, España",+34 924 81 16 58,https://www.apimuniz.com/,5.0,2.0,es,Google reviews: 5* / 2,OPERATIONAL,"('real_estate_agency', 'point_of_interest', 'establishment')",06700
"ASESORIA CAÑADA SANCHEZ, SL","Av. de la Constitución, 48, 06760 Navalvillar de Pela, Badajoz, España",+34 924 86 06 32,https://www.inmocanadasanchez.com/,4.8,36.0,es,Google reviews: 4.8* / 36,OPERATIONAL,"('real_estate_agency', 'finance', 'consultant', 'point_of_interest', 'establishment')",06760
Inditur,"Av. de la Constitución, 15, 06760 Navalvillar de Pela, Badajoz, España",+34 924 86 00 31,,4.0,1.0,es,Google reviews: 4* / 1,OPERATIONAL,"('real_estate_agency', 'point_of_interest', 'establishment')",06760
La Heredad,"1º, Pl. de España, 2, 06800 Mérida, Badajoz, España",+34 924 31 65 60,http://laheredad.es/,4.0,1.0,es,Google reviews: 4* / 1,OPERATIONAL,"('real_estate_agency', 'point_of_interest', 'establishment')",06800
Miventa.es,"C. Camilo José Cela, 12, 06800 Mérida, Badajoz, España",+34 924 31 65 17,https://miventa.es/,,,es,Google reviews: * / None,OPERATIONAL,"('real_estate_agency', 'point_of_interest', 'establishment')",06800
Julián Romero Agente de la Propiedad Inmobiliaria,"C. Santiago Ramón Y Cajal, 1, 06810 Calamonte, Badajoz, España",+34 924 32 42 66,,1.5,2.0,es,Google reviews: 1.5* / 2,OPERATIONAL,"('real_estate_agency', 'point_of_interest', 'establishment')",06810
Rubymanex Sociedad Cooperativa,"C. Franco García Sánchez, 72, 06850 Arroyo de San Serván, Badajoz, España",+34 924 34 33 22,,4.0,1.0,es,Google reviews: 4* / 1,OPERATIONAL,"('real_estate_agency', 'point_of_interest', 'establishment')",06850
Inmobiliaria Sector Sur,"C. Santiago, 76, 06900 Llerena, Badajoz, España",+34 924 87 22 57,,2.5,2.0,es,Google reviews: 2.5* / 2,OPERATIONAL,"('real_estate_agency', 'point_of_interest', 'establishment')",06900
Garravaz Llerena Sl,"C. Bodegones, 1, 06900 Llerena, Badajoz, España",+34 924 87 33 81,,5.0,1.0,es,Google reviews: 5* / 1,OPERATIONAL,"('real_estate_agency', 'point_of_interest', 'establishment')",06900
SIMETRIA. Estudio de arquitectura e inmobiliaria,"Av. Jesús de Nazaret, 35, 06900 Llerena, Badajoz, España",+34 924 10 24 56,http://www.estudiosimetria.com/,4.5,17.0,en,Google reviews: 4.5* / 17,OPERATIONAL,"('real_estate_agency', 'point_of_interest', 'establishment')",06900
Inmobiliaria Sierra Morena ( 06920 ),"C. Santana, 5, 06920 Azuaga, Badajoz, España",+34 924 13 78 58,http://www.inmobiliariasierramorena.com/contactar-inmobiliaria-en-extremadura.html,4.2,32.0,es,Google reviews: 4.2* / 32,OPERATIONAL,"('real_estate_agency', 'point_of_interest', 'establishment')",06920
VENDESUR,"Av. Extremadura, 27, 06920 Azuaga, Badajoz, España",+34 924 65 65 56,https://www.vendesur.es/,4.8,32.0,es,Google reviews: 4.8* / 32,OPERATIONAL,"('real_estate_agency', 'point_of_interest', 'establishment')",06920
Inmobiliaria Sierra Morena ( None ),,+34 650 44 05 92,,5.0,1.0,es,Google reviews: 5* / 1,OPERATIONAL,"('real_estate_agency', 'establishment')",
particular,"Carretera de Malcocinado a Alanis, Km 6, 06928 Malcocinado, Badajoz, España",+34 627 51 91 45,,5.0,1.0,es,Google reviews: 5* / 1,OPERATIONAL,"('real_estate_agency', 'point_of_interest', 'establishment')",06928
Inmobiliaria “Las Villas”,"C. Jarero, nº 30, 06930 Berlanga, Badajoz, España",+34 650 04 05 95,,3.3,3.0,es,Google reviews: 3.3* / 3,OPERATIONAL,"('real_estate_agency', 'point_of_interest', 'establishment')",06930
