name,address,international_phone_number,url,rating,reviews_count,language
Bologna In Affitto - Agenzia affitti,"Galleria Ugo Bassi, 1, 40121 Bologna BO, Italia",+39 051 021 6868,https://bolognainaffitto.it/,4.9,268.0,it
Agenzia Immobiliare Tempocasa Bologna - San Felice,"Via Riva di Reno, 54/e, 40122 Bologna BO, Italia",+39 051 558140,https://tempocasa.it/it/agenzie-immobiliari/bologna/bologna/642-bologna-san-felice,4.8,264.0,en
Agenzia Immobiliare Tempocasa Bologna - Saragozza/Centro Storico,"Via Urbana, 6/2, 40123 Bologna BO, Italia",+39 051 621 6022,https://tempocasa.it/it/agenzie-immobiliari/bologna/bologna/751-bologna-saragozzacentro-storico,4.9,129.0,it
Agenzia Immobiliare Center Casa srl Bologna,"Via Galliera, 87, 40121 Bologna BO, Italia",+39 051 241191,http://www.immobiliarecentercasa.it/,4.5,31.0,it
MONDORE | Agenzia Immobiliare Bologna Centro,"Via Castiglione, 12/A, 40124 Bologna BO, Italia",+39 051 269414,http://www.mondore.it/,4.9,100.0,it
Agenzia Immobiliare Tempocasa Bologna - Centro,"Via del Borgo di S. Pietro, 67/c, 40126 Bologna BO, Italia",+39 051 254120,https://tempocasa.it/it/agenzie-immobiliari/bologna/bologna/565-bologna-centro,4.6,222.0,it
Agenzia Immobiliare Capital House Bologna,"Via S. Donato, 33, 40127 Bologna BO, Italia",+39 350 186 4172,https://capitalhouse.it/bologna,5.0,122.0,it
Immobiliare Affitti Bologna,"Via Collegio di Spagna, 7a, 40123 Bologna BO, Italia",+39 051 991 1795,http://www.immobiliareaffittibologna.it/,4.4,350.0,it
RANUZZI IMMOBILIARE,"Palazzo Monti Salina, Via Barberia, 13, 40123 Bologna BO, Italia",+39 051 041 9703,http://www.ranuzziimmobiliare.com/,4.8,73.0,it
Calvo Immobiliare Srl - Agenzia Immobiliare Bologna,"Via Guerrazzi, 18, 40125 Bologna BO, Italia",+39 051 225564,http://www.immobiliarecalvo.it/,4.7,36.0,it
Abitare Bologna,"Via Santo Stefano, 35, 40125 Bologna BO, Italia",+39 051 656 9000,https://www.abitarebologna.it/,4.6,230.0,it
Agenzia Immobiliare Tempocasa Bologna - Saffi,"Via Pasubio, 20, 40131 Bologna BO, Italia",+39 051 316 6903,https://tempocasa.it/it/agenzie-immobiliari/bologna/bologna/628-bologna-saffi,4.8,181.0,it
051 Immobiliare,"Via S. Felice, 26, 40122 Bologna BO, Italia",+39 051 411 4346,https://051immobiliare.it/,4.7,73.0,it
Abitare Bologna,"Via S. Felice, 75/A, 40122 Bologna BO, Italia",+39 051 644 8324,https://www.abitarebologna.it/,4.7,58.0,it
Dimensione Immobiliare s.a.s. di A. Nardi,"Via Aurelio Saffi, 22/2, 40131 Bologna BO, Italia",+39 051 522439,https://www.dimensioneimmobiliare.eu/,4.9,46.0,it
PRIME IMMOBILIARE - Bologna,"Via Sante Vincenzi, 46, 40138 Bologna BO, Italia",+39 331 402 5349,https://www.primeimmobiliare.net/,4.9,181.0,it
Felsina Real Estate,"Str. Maggiore, 82/c, 40125 Bologna BO, Italia",+39 051 485 9261,http://felsinarealestate.com/,4.4,171.0,it
"HELP HOME Agenzia Consulenza, Immobiliare Ferrari","Via Vittoria, 26 /a/b, 40133 Bologna BO, Italia",+39 333 295 9834,http://helphome.it/,5.0,452.0,it
Mappamondo Immobiliare Bologna,"Via Francesco Zanardi, 27, 40131 Bologna BO, Italia",+39 051 681 4792,http://www.mappamondoimmobiliare.com/,5.0,44.0,it
Felsina Real Estate Agenzia Bologna San Vitale,"Via Giuseppe Massarenti, 35/a, 40138 Bologna BO, Italia",+39 051 307459,http://felsinarealestate.com/,4.9,338.0,it
Obiettivo casa Agenzia Immobiliare,"Via Francesco Zanardi, 20, 40131 Bologna BO, Italia",+39 340 128 2879,http://www.obiettivocasabologna.it/,4.8,17.0,it
Immobiliare Bologna Centro Srl - IBC,"Galleria del Toro, 3, 40121 Bologna BO, Italia",+39 051 228434,http://ibcimmobiliare.it/,3.9,28.0,it
REALKASA - Agenzia Immobiliare Sede Centro Storico,"Via d'Azeglio, 19, 40123 Bologna BO, Italia",+39 051 431895,https://www.realkasa.it/,4.8,65.0,it
Bologna Immobili,"P.za Franklin Delano Roosevelt, 4, 40123 Bologna BO, Italia",+39 329 881 7897,,5.0,1.0,it
Istituto Immobiliare Italiano,"V.le Pietro Pietramellara, 5, 40121 Bologna BO, Italia",+39 051 522077,https://www.istitutoimmobiliareitaliano.it/,3.5,44.0,it
Agenzia immobiliare Gabetti Bologna Zanardi,"Via Francesco Zanardi, 5/d, 40131 Bologna BO, Italia",+39 051 524452,https://www.gabetti.it/agenzia/bologna-zanardi,4.5,61.0,it
Agenzia Immobiliare Tempocasa Bologna - Savena 1,"Via Bellaria, 12/D, 40139 Bologna BO, Italia",+39 051 546142,https://tempocasa.it/it/agenzie-immobiliari/bologna/bologna/199-bologna-savena-1,4.9,448.0,it
Domus Felsina Agenzia Immobiliare Bologna,"Via Mazzini, 125, 40137 Bologna BO, Italia",+39 327 012 5968,https://www.instagram.com/carlo.domusfelsina/,4.9,11.0,it
Io.Casa Agenzia Immobiliare a Bologna,"Via Andrea Costa, 203/D, 40134 Bologna BO, Italia",+39 051 619 2013,https://www.io.casa/,4.8,40.0,it
La Soffitta Studio Immobiliare,"Via Andrea Costa, 67, 40134 Bologna BO, Italia",+39 051 614 6859,https://www.lasoffittaimmobiliare.com/,4.6,52.0,it
Iani Immobiliare di Daniele Iani e C.,"Via della Crocetta, 2/2, 40134 Bologna BO, Italia",+39 051 485 6834,https://www.immobiliare.it/agenzie-immobiliari/172809/iani-bologna/,4.7,53.0,it
Agenzia Immobiliare Saragozza,"Via XXI Aprile 1945, 7/C, 40134 Bologna BO, Italia",+39 051 033 5087,https://www.immobiliaresaragozza.it/,4.7,66.0,it
Simone Cambrini,"Via S. Vitale, 22, 40125 Bologna BO, Italia",+39 380 324 5310,http://www.simonecambrini.com/,4.7,118.0,it
Maison Magnifique Bologna,"Via Sant'Isaia, 24/a, 40123 Bologna BO, Italia",+39 051 1990 2053,https://maisonmagnifique.it/agenzie/bologna/,4.7,28.0,it
Immobiliare Stanganelli,"Via Nosadella, 9/B, 40123 Bologna BO, Italia",+39 051 026 6994,http://www.immobiliarestanganelli.it/,4.9,70.0,it
Progetti Immobiliari Associato FRIMM,"Via del Rondone, 40122 Bologna BO, Italia",+39 051 587 7416,https://www.progettimmobiliari.net/,4.6,46.0,it
Immobiliare 5.1,"Via Vittorio Veneto, 30/B, 40131 Bologna BO, Italia",+39 351 644 2184,https://www.immobiliarecinquepuntouno.it/,4.9,137.0,it
Santo Stefano Immobiliare,"Piazza Trento e Trieste, 5, 40137 Bologna BO, Italia",+39 051 656 9235,http://www.santostefanoimmobiliare.it/,4.7,84.0,it
Giordani & Partners Real Estate,"Via Cesare Battisti, 33, 40123 Bologna BO, Italia",+39 051 584447,http://www.giordanire.com/,4.8,68.0,it
IPI Agency | Filiale di Bologna,"Via dei Mille, 24, 40121 Bologna BO, Italia",+39 051 220819,https://www.ipi-agency.com/perche-ipi/filiali/bologna-agency,4.5,13.0,it
Grimaldi Immobiliare,"Via d'Azeglio, 6-C, 40123 Bologna BO, Italia",+39 051 051 0330,https://www.grimaldibologna.it/,4.8,173.0,it
Agenzia Immobiliare Tempocasa Bologna - Santo Stefano,"Via Santo Stefano, 168/A, 40125 Bologna BO, Italia",+39 051 023 1969,https://tempocasa.it/it/agenzie-immobiliari/bologna/bologna/1156-bologna-santo-stefano,5.0,25.0,it
Dece Immobiliare - Immobiliare a Bologna - compravendite - locazioni - valutazioni - edilizia,"Via Rizzoli, 9, 40124 Bologna BO, Italia",+39 338 901 4503,http://www.deceimmobiliare.it/,5.0,23.0,it
Agenzia Immobiliare Tempocasa Bologna - Zanardi,"Via Francesco Zanardi, 70/D, 40131 Bologna BO, Italia",+39 051 054 7075,https://tempocasa.it/it/agenzie-immobiliari/bologna/bologna/758-bologna-zanardi,4.8,62.0,it
Mida Immobiliare,"Viale Alfredo Oriani, 2, 40137 Bologna BO, Italia",+39 051 551000,https://www.midaimmobiliare.com/?utm_source=google_my_business&utm_medium=PULSANTE,4.7,162.0,it
Immobiliare Classe A Bologna,"Via Porta Nova, 18, 40123 Bologna BO, Italia",+39 051 270454,http://www.immobiliareclassea.com/,5.0,8.0,it
Immobiliare Cavallo,"Via Giuseppe Mezzofanti, 37, 40137 Bologna BO, Italia",+39 051 407 1458,http://www.immobiliarecavallo.it/,4.9,165.0,it
Toscano Bologna Centro - Agenzia Immobiliare,"Piazza di Porta Maggiore, 4a, 40138 Bologna BO, Italia",+39 051 239200,https://www.toscano.it/comune-bologna/centro-bologna?utm_source=google&utm_medium=places&utm_campaign=Google%20My%20Business,4.2,88.0,it
Area Immobiliare,"Via S. Felice, 83/B, 40122 Bologna BO, Italia",+39 051 558422,http://www.areaimmobiliaresanfelicebo.it/,4.0,24.0,it
Engel & Völkers Bologna,"Via de' Toschi, 4, 40124 Bologna BO, Italia",+39 051 331460,https://www.engelvoelkers.com/it/it/shops/bologna,4.5,80.0,it
Realkasa - AGENZIA IMMOBILIARE Sede Costa,"Via Andrea Costa, 56, 40134 Bologna BO, Italia",+39 051 431895,https://www.realkasa.it/,4.7,116.0,it
Giquadroimmobiliare,"Via Nazario Sauro, 23b, 40121 Bologna BO, Italia",+39 051 040 2525,https://www.giquadroimmobiliare.com/,5.0,4.0,it
Agenzia Pico Immobiliare - SPECIALIZZATI IN AFFITTI DAL 1998,"Via Faustino Malaguti, 2/1A, 40126 Bologna BO, Italia",+39 051 254585,http://www.picoimmobiliare.com/,4.3,42.0,it
Agenzia Immobiliare Mobilia RE,"Via Marsala, 20, 40126 Bologna BO, Italia",+39 051 260519,https://www.mobilia-re.com/,4.1,22.0,it
Affiliato Tecnocasa Studio San Donato S.N.C.,"Via S. Donato, 72/A, 40127 Bologna BO, Italia",+39 051 510107,https://bologna4.tecnocasa.it/,4.9,103.0,it
L ' A G E N Z I A D I Z O N A,"Via Giuseppe Dagnini, 17, 40137 Bologna BO, Italia",+39 051 001 6992,,4.9,74.0,it
Goldomus Immobiliare S.R.L.,"Via Irnerio, 22d, 40126 Bologna BO, Italia",+39 051 421 0280,http://www.goldomus.it/,4.5,37.0,it
Studio Aesse Snc,"Via d'Azeglio, 23, 40123 Bologna BO, Italia",+39 051 296 0619,http://www.studioaesse.com/,4.3,88.0,it
Agenzia immobiliare Iconacasa Bologna Zanardi,"Via Francesco Zanardi, 192/ab, 40012 Bologna BO, Italia",+39 051 998 8333,https://www.iconacasa.com/index.php/agenzie/companyproperties/122-iconacasa-bologna-zanardi,4.9,123.0,it
Metroquadro Immobiliare srl,"Mura di Porta Galliera, 3/d, 40126 Bologna BO, Italia",+39 051 242424,http://www.metroquadro.eu/,4.2,15.0,it
Studio Giannerini S.n.c. - Agenzia immobiliare Bologna,"Via Saragozza, 101/3/C, 40135 Bologna BO, Italia",+39 051 644 0141,http://www.studiogiannerini.it/,4.8,128.0,it
Agenzia Immobiliare Kapitalre - Bologna Sabotino,"Via Olindo Guerrini, 26/A, 40134 Bologna BO, Italia",+39 051 664 7675,http://www.kapitalre.it/,4.8,35.0,it
Eden House,"Via Saragozza, 112/O, 40135 Bologna BO, Italia",+39 051 284 6104,https://edenhouse.me/,5.0,36.0,it
GABETTI IMMOBILIARE MARCONI,"Via Guglielmo Marconi, 26g, 40122 Bologna BO, Italia",+39 051 048 3680,https://www.gabetti.it/agenzia/bologna-marconi,4.2,22.0,it
Agenzia Immobiliare Kapitalre - Bologna Serlio -,"Via Sebastiano Serlio, 35, 40128 Bologna BO, Italia",+39 051 357200,http://www.kapitalre.it/,4.2,63.0,it
Dalmonte srl Agenzia Immobiliare - Via Montefiorino Bologna,"Via Montefiorino, 7A, 40134 Bologna BO, Italia",+39 051 431168,https://www.dalmonte.net/?utm_source=google_my_business_montefiorino&utm_campaign=home_page,4.9,30.0,it
Agenzia immobiliare Tempocasa San Donnino,"Via S. Donato, 124d, 40127 Bologna BO, Italia",+39 051 633 4664,https://www.tempocasabolognasandonnino.it/,4.8,215.0,it
Agenzia immobiliare Tempocasa Bologna Saragozza,"76/2 E, Via Andrea Costa, 76/2E,F, 40134 Bologna BO, Italia",+39 051 041 5451,https://tempocasa.it/it/agenzie-immobiliari/bologna/bologna/617-bologna-saragozza,4.1,70.0,it
La Chiocciola Studio Immobiliare di Daniela Baldini,"Via Andrea Costa, 34/a, 40134 Bologna BO, Italia",+39 051 379435,https://www.agenzialachiocciola.it/,3.9,29.0,it
Casetorri,"Via Guglielmo Marconi, 13, 40122 Bologna BO, Italia",+39 051 040 0571,http://www.casetorri.it/,3.4,121.0,it
"""IL PROGETTO"" Studio Tecnico Immobiliare","Via Giovanni Francesco Barbieri, 105/C, 40129 Bologna BO, Italia",+39 051 377757,http://www.ilprogetto.com/,4.5,85.0,it
Immobilcasa srl,"Via Andrea Costa, 44/a, 40134 Bologna BO, Italia",+39 051 614 0470,http://www.immobilcasa.net/,4.4,20.0,it
Report Immobiliare,"Via d'Azeglio, 78, 40123 Bologna BO, Italia",+39 051 992 5684,http://www.reportimmobiliare.it/,4.5,6.0,it
Immobiliare Lucchi,"Via Senzanome, 14/A, 40123 Bologna BO, Italia",+39 388 778 7419,https://www.immobiliarelucchi.it/,4.8,27.0,it
Studio Immobiliare Griffoni,"Via d'Azeglio, 64C, 40123 Bologna BO, Italia",+39 051 656 9131,http://www.immobiliaregriffoni.com/,4.5,67.0,it
CasaBO Immobiliare,"Via Garibaldi, 9, 40124 Bologna BO, Italia",+39 051 991 4343,https://www.casabo.com/,4.7,139.0,it
Agenzia immobiliare Gabetti d'Azeglio,"Via d'Azeglio, 61/A, 40123 Bologna BO, Italia",+39 051 580932,https://www.gabettipiramide.it/,4.5,11.0,it
OPLA' STUDIO IMMOBILIARE,"Via Saragozza, 84/A, 40123 Bologna BO, Italia",+39 347 920 8873,https://www.oplaimmobiliare.it/,5.0,20.0,it
Agenzia Immobiliare Tempocasa Bologna - San Mamolo,"Via San Mamolo, 25/b, 40136 Bologna BO, Italia",+39 051 411 0025,https://tempocasa.it/it/agenzie-immobiliari/bologna/bologna/908-bologna-san-mamolo,4.7,120.0,it
La mia casa di Sandra Calarota,"Via Collegio di Spagna, 5/2/a, 40123 Bologna BO, Italia",+39 392 966 4009,http://lamiacasaimmobiliarebologna.it/,4.3,18.0,it
Spazio Vitale Studio Immobiliare,"Via Collegio di Spagna, 7/2/C, 40123 Bologna BO, Italia",+39 051 262621,https://www.spaziovitale.eu/,5.0,3.0,it
DOTTOR HOUSE,"Via Castiglione, 33, 40126 Bologna BO, Italia",+39 051 237478,https://www.dottorhousebologna.com/,4.7,14.0,it
Ars Real Estate,"Mura di Porta Saragozza, 5, 40123 Bologna BO, Italia",+39 051 049 2519,http://www.arsimmobiliare.com/,4.6,11.0,it
Immobilplace,"Via Galliera, 28, 40121 Bologna BO, Italia",,http://www.immobilplace.it/,5.0,5.0,it
Leone Immobiliare Group,"Via d'Azeglio, 70, 40123 Bologna BO, Italia",+39 389 000 0022,https://www.immobiliare.it/agenzie-immobiliari/231465/annese-real-estate-bologna/,5.0,2.0,it
Agenzia Immobiliare Nicoletti,"Via de' Carbonesi, 10, 40123 Bologna BO, Italia",+39 338 395 5040,https://www.agenzianicoletti.it/,5.0,1.0,it
IT. IMMOBILIARE - Centro di Servizi Immobiliari,"Via Leandro Alberti, 76, 40139 Bologna BO, Italia",+39 051 1998 5651,https://itimmobiliare.net/,4.6,39.0,it
Dalmonte srl - Agenzia Immobiliare Via Mazzini Bologna,"Via Mazzini, 158, 40138 Bologna BO, Italia",+39 051 345047,https://www.dalmonte.net/?utm_source=google_my_business&utm_campaign=sede_via_mazzini,4.3,97.0,it
Agenzia immobiliare Tempocasa Commerciale & Industriale Bologna,"Via Urbana, 6, 40123 Bologna BO, Italia",+39 051 621 6022,https://tempocasa.it/it/agenzie-immobiliari/bologna/bologna/717-commerciale-industriale-bologna,3.0,2.0,it
Coldwell Banker Prime Properties,"Via Santo Stefano, 29/D, 40125 Bologna BO, Italia",+39 051 030 1284,http://www.coldwellbanker.it/bologna,4.8,26.0,it
Sergio Sapori Immobiliare,"Via S. Gervasio, 8, 40121 Bologna BO, Italia",+39 348 941 0037,https://www.immobiliare.it/agenzie-immobiliari/124802/sergio-sapori-bologna/,5.0,9.0,it
REALKASA - Affitti Brevi Bologna,"Via del Monte, 1, 40126 Bologna BO, Italia",+39 051 431895,https://www.realkasa.it/,4.7,15.0,it
"BONOMIA | Cambia Casa, Cambia Vita","Via Rialto, 13d, 40124 Bologna BO, Italia",+39 378 406 4213,http://www.bonomia.it/,5.0,51.0,it
Immobiliare Affitti e Vendite Castiglione,"Via Castiglione, 47/2, 40124 Bologna BO, Italia",+39 051 498 2057,http://www.immobiliareaffittibologna.it/,4.9,8.0,it
Gabetti Bologna Centro,"Via S. Vitale, 55/b, 40125 Bologna BO, Italia",+39 051 231676,http://www.gabettibolognacentro.it/,4.0,25.0,it
Riccardo Naldi Immobiliare,"P.za S. Domenico, 4, 40124 Bologna BO, Italia",+39 051 278 8003,https://www.riccardonaldi.com/,3.8,18.0,it
Studio Immobiliare ELISABETTA ROMAGNOLI,"Via Castiglione, 62, 40124 Bologna BO, Italia",+39 051 270907,http://www.elisabettaromagnoli.com/,4.2,10.0,it
S.I.R. Case,"Via Augusto Murri, 56/O, 40137 Bologna BO, Italia",+39 051 306061,http://sircase.it/,4.9,270.0,it
Arbitrium Immobiliare,"Via Augusto Murri, 73, 40137 Bologna BO, Italia",+39 327 111 6827,http://www.arbitrium.it/,4.5,80.0,it
Masicase immobiliare bolognese,"Via Giuseppe Massarenti, 54d, 40138 Bologna BO, Italia",+39 051 349692,https://www.masicase.it/,4.4,104.0,it
COMPAGNIA IMMOBILIARE,"Via Fondazza, 66, 40125 Bologna BO, Italia",+39 051 095 3384,http://www.compagniaimmobiliare.info/,4.1,11.0,it
Bolognacentro srl,"Via Santo Stefano, 38/d, 40125 Bologna BO, Italia",+39 051 225530,http://bolognacentro.com/,4.1,71.0,it
Cio - Centro Immobiliare Organizzato,"Viale XII Giugno, 26, 40124 Bologna BO, Italia",+39 051 333414,http://www.cioimmobiliare.it/,4.6,49.0,it
Immobiliare Guido Reni,"Via Guido Reni, 4, 40125 Bologna BO, Italia",+39 051 991 1977,http://www.immobiliareguidoreni.it/,3.1,90.0,it
Immobiliare Maggiore,"Str. Maggiore, 39AB, 40125 Bologna BO, Italia",+39 051 411 3310,http://www.immobiliaremaggiore.it/,4.2,5.0,it
Anima Group - Industria Immobiliare,"Piazza dell'Unità, 14/A, 40128 Bologna BO, Italia",+39 051 588 2360,http://www.gruppoanima.net/,4.9,137.0,it
Agenzia Immobiliare Tempocasa Bologna San Vitale,"Via Giuseppe Massarenti, 90/2F, 40138 Bologna BO, Italia",+39 051 998 4787,https://tempocasa.it/it/agenzie-immobiliari/bologna/bologna/39-bologna-san-vitale,4.5,40.0,it
BolognaCentro Srl,"Via Santo Stefano, 44, 40125 Bologna BO, Italia",+39 051 225530,https://www.bolognacentro.com/,5.0,1.0,it
L'Immobiliare di Laura Clò,"Viale Alfredo Oriani, 37E, 40137 Bologna BO, Italia",+39 336 526 718,https://www.immobiliareclo.com/,4.5,8.0,it
RE Immobiliare,"Via Giuseppe Dagnini, 23, 40137 Bologna BO, Italia",+39 335 621 5160,https://www.rebologna.it/,5.0,22.0,it
Rinascimento Immobiliare,"Via Garibaldi, 5/F, 40124 Bologna BO, Italia",+39 051 033 6790,https://www.rinascimentoimmobiliare.com/,3.9,18.0,it
Scala Gianluca,"Via Santo Stefano, 130, 40125 Bologna BO, Italia",+39 340 636 1027,,5.0,6.0,it
Agenzia Immobiliare Casa Bona Omnia,"Via Santo Stefano, 93, 40124 Bologna BO, Italia",+39 051 849 4064,http://www.casabonaomnia.it/,4.3,16.0,en
Allegra Ceccoli Intermediazioni Immobiliari,"Via Santo Stefano, 40125 Bologna BO, Italia",+39 338 204 9167,https://www.immobiliare.it/agenzie-immobiliari/224946/allegra-ceccoli/,5.0,7.0,it
VIVA CASA,"Via Giuseppe Massarenti, 114/B, 40138 Bologna BO, Italia",+39 051 300104,https://www.vivacasaimmobiliare.it/,4.8,53.0,it
Immobiliare San Pietro,"Viale Alfredo Oriani, 9, 40137 Bologna BO, Italia",+39 051 444113,http://www.immobiliaresanpietro.it/,4.4,37.0,it
Matteo Dall'Omo,"Via Castiglione, 12/a, 40124 Bologna BO, Italia",+39 388 494 6796,http://www.mondore.it/,4.9,15.0,it
Immobiliare Bene – Agenzia Immobiliare a Bologna,"Via Marsala, 23, 40126 Bologna BO, Italia",+39 375 749 1949,https://www.immobiliarebene.com/,3.5,11.0,it
Agenzia Immobiliare Tempocasa Bologna - Santa Viola,"Via Emilia Ponente, 237/A, 40133 Bologna BO, Italia",+39 051 317 8376,https://tempocasa.it/it/agenzie-immobiliari/bologna/bologna/207-bologna-santa-viola,4.8,459.0,it
Royal Immobiliare,"Via Ermanno Galeotti, 14, 40127 Bologna BO, Italia",+39 051 008 4384,https://www.immobiliare.it/agenzie-immobiliari/221492/royal-immobiliare-bologna/,5.0,12.0,it
Casa In Vista,"80/3C, Via S. Donato, 40127 Bologna BO, Italia",+39 051 500412,http://www.casainvista.com/,4.6,12.0,it
Agenzia Immobiliare Tempocasa Bologna - Corticella,"Via Jack London, 4b, 40128 Bologna BO, Italia",+39 051 705383,https://tempocasa.it/it/agenzie-immobiliari/bologna/bologna/204-bologna-corticella,4.7,462.0,it
Agenzia immobiliare Tempocasa Bologna - Bolognina 2,"Via Aristotile Fioravanti, 101/D, 40129 Bologna BO, Italia",+39 051 998 5261,https://tempocasa.it/it/agenzie-immobiliari/bologna/bologna/205-bologna-bolognina-2,4.8,88.0,it
Agenzia Immobiliare Tempocasa Bologna - San Donato,"Piazza Adam Mickiewicz, 3/d, 40127 Bologna BO, Italia",+39 051 633 5379,https://tempocasa.it/it/agenzie-immobiliari/bologna/bologna/203-bologna-san-donato-1,4.5,86.0,it
Affiliato Tecnocasa Studio San Donato S.N.C.,"Via S. Donato, 158/71C, 40127 Bologna BO, Italia",+39 051 510107,https://bologna7.tecnocasa.it/,4.7,67.0,it
EB Gestioni Immobiliari Srl,"Via S. Pier Tommaso, 18/3, 40139 Bologna BO, Italia",+39 335 777 3140,https://www.elisaimmobiliare.it/,5.0,39.0,it
Casa dei Professionisti Immobiliare - Agenzia 1,"Via S. Donato, 114, 40127 Bologna BO, Italia",+39 051 500340,https://www.casadeiprofessionisti.it/,3.8,64.0,it
L'Arte di Abitare - Agenzia Bologna Navile,"Via Alessandro Stoppato, 45, 40128 Bologna BO, Italia",+39 328 565 5868,https://www.artediabitare.it/immobiliare/l-arte-di-abitare-%E2%80%93-agenzia-di-bologna-navile-10452.html?language=ita,4.7,86.0,it
Mirko Ricci Maccarini - Agenzia Immobiliare,"Via Giuseppe Massarenti, 256, 40138 Bologna BO, Italia",+39 392 902 7169,http://www.mirkoriccimaccarini.it/,5.0,25.0,it
Giulia Immobiliare,"Via Donato Creti, 18/A, 40128 Bologna BO, Italia",+39 051 353710,http://www.giuliaimmobiliareaffitti.com/,3.8,108.0,it
Agenzia Immobiliare Professione Casa Bologna San Vitale,"Via Giuseppe Massarenti, 201/A, 40138 Bologna BO, Italia",+39 392 615 6838,,5.0,4.0,it
Agenzia Immobiliare Kapitalre - Bologna Levante,"Via Emilia Levante, 96, 40139 Bologna BO, Italia",+39 051 624 1636,http://www.kapitalre.it/,4.4,85.0,it
Agenzia immobiliare Iconacasa Bologna Santa Rita,"Via Giuseppe Massarenti, 175/B, 40138 Bologna BO, Italia",+39 320 693 6269,https://www.iconacasa.com/index.php/agenzie/companyproperties/136-iconacasa-bologna-santa-rita,5.0,19.0,it
Euroimmobiliare,"Via Donato Creti, 71d, 40128 Bologna BO, Italia",+39 051 357556,,3.3,47.0,it
Agenzia immobiliare Tempocasa Bologna - Bolognina 1,"Via Ferrarese, 8B, 40128 Bologna BO, Italia",+39 320 329 4360,https://www.tempocasabolognabolognina1.it/,4.9,367.0,it
Immobiliare Insieme,"Via di Corticella, 187/2, 40128 Bologna BO, Italia",+39 349 651 5769,https://immobiliareinsieme.it/,4.7,26.0,it
Agenzia Immobiliare Iconacasa Bologna Corticella,"Via Alessandro Stoppato, 11d, 40128 Bologna BO, Italia",+39 051 087 7525,https://www.iconacasa.com/index.php/agenzie/companyproperties/115-iconacasa-bologna-corticella,4.7,44.0,it
Immobiliare San Pietro,"Via di Corticella, 19/A, 40128 Bologna BO, Italia",+39 051 370051,http://www.immobiliaresanpietro.it/,4.4,46.0,it
Keeper Immobiliare,"Via della Liberazione, 6c, 40128 Bologna BO, Italia",+39 800 134 690,https://www.keeper.it/,4.9,39.0,it
CA Immobiliare,"Via Genuzio Bentini, 67, 40128 Bologna BO, Italia",+39 051 087 2573,https://www.caimmobiliarebologna.it/,1.0,2.0,it
Agenzia Immobiliare Iconacasa Bologna Bolognina,"Via Erbosa, 2/b, 40129 Bologna BO, Italia",+39 051 023 4978,https://www.iconacasa.com/,4.2,44.0,it
SoloAffitti Bologna 1,"Via Marc'Antonio Raimondi, 16/2C, 40128 Bologna BO, Italia",+39 051 1961 1875,https://www.soloaffitti.it/agenzia/bologna-1,3.9,47.0,it
BMP APARTMENTS Gestioni Immobiliari,"Via di Corticella, 184/10, 40128 Bologna BO, Italia",+39 331 235 5053,http://www.immbmp.com/,5.0,6.0,it
G & G Immobiliare Srl,"Via Ferrarese, 6B, 40128 Bologna BO, Italia",+39 051 631 3800,http://www.gegimmobiliare.eu/,4.8,8.0,it
Orientamento AL Cliente Servizi Immobiliari,"Via Ferrarese, 53/a, 40128 Bologna BO, Italia",+39 051 631 3260,http://www.orientamentoalcliente.it/,4.5,2.0,it
La Mia Casa Web,"Via Arturo Solari, 19, 40128 Bologna BO, Italia",+39 346 576 6612,,4.3,6.0,it
Studio Boldrini Immobiliare,"Via dell'Arcoveggio, 49/5, 40129 Bologna BO, Italia",+39 348 330 4634,http://www.vendotabaccheria.it/,5.0,2.0,it
Cybercasa,"Via Donato Creti, 73/c, 40128 Bologna BO, Italia",+39 051 631 0999,http://www.cybercasa.com/,4.3,15.0,it
Le Chiavi di Casa,"Via Ferrarese, 3, 40128 Bologna BO, Italia",+39 344 069 0349,http://www.lechiavidicasa.eu/,4.7,39.0,it
Dreams Immobiliare,"Via Donato Creti, 2/B, 40129 Bologna BO, Italia",+39 051 364959,http://www.immobiliaredreams.it/,2.0,6.0,it
Alessio Rossi Real Estate - Agente Immobiliare,"Via Guelfa, 76, 40138 Bologna BO, Italia",+39 328 667 5426,http://remax.it/,4.7,57.0,it
Affiliato Tecnocasa Bolognina S.R.L.,"Via di Corticella, 88/F, 40125 Bologna BO, Italia",+39 051 412 3818,https://bologna1.tecnocasa.it/,4.9,38.0,it
Vendicasa.net,,+39 349 178 3587,https://www.vendicasa.net/,5.0,23.0,it
Lodi Immobiliare s.r.l,"Via Normandia, 12/H-I, 40132 Bologna BO, Italia",+39 051 070 7190,http://www.immobiliarelodi.it/,5.0,78.0,it
Agenzia Immobiliare Tempocasa Bologna - Borgo Panigale,"Via Marco Emilio Lepido, 11/a, 40132 Bologna BO, Italia",+39 051 405694,https://tempocasa.it/it/agenzie-immobiliari/bologna/bologna/659-bologna-borgo-panigale,4.7,565.0,it
Oltre l'Immobiliare,"Via Calabria, 8, 40139 Bologna BO, Italia",+39 377 672 7470,https://www.oltrelimmobiliare.it/,5.0,4.0,it
LE CASE DI PATTY di Patrizia Betelli,"Piazza Aldo Capitini, 3/a, 40133 Bologna BO, Italia",+39 328 604 0506,http://lecasedipatty.it/,4.9,39.0,it
Falco Immobiliare,"Via Marco Emilio Lepido, 151, 40132 Bologna BO, Italia",+39 051 023 4346,https://www.falcoimmobiliare.com/it/,5.0,19.0,it
Agenzia Immobiliare BolognaRE,"Via Andrea Costa, 28C, 40134 Bologna BO, Italia",+39 051 439 9031,https://www.bolognare.it/,3.4,18.0,it
Agenzia Immobiliare Tempocasa Bologna - Mazzini,"Via Mazzini, 107/d, 40137 Bologna BO, Italia",+39 051 344078,https://tempocasa.it/it/agenzie-immobiliari/bologna/bologna/201-bologna-mazzini,4.7,119.0,en
L'immobiliare SRLS,"Via Marco Emilio Lepido, 119, 40132 Bologna BO, Italia",+39 051 588 4723,https://www.limmobiliarebologna.it/,1.6,7.0,it
Agenzia immobiliare Kapitalre - Castenaso,"Via Bruno Tosarelli, 34, 40055 Castenaso BO, Italia",+39 051 784242,http://www.kapitalre.it/,4.8,101.0,it
immobiliare panigale,"Via Emilia Ponente, 70/a, 40133 Bologna BO, Italia",+39 051 619 9225,,,,it
Immagina Bologna di Ivan Ricciardi,"Via della Battaglia, 11/2, 40141 Bologna BO, Italia",+39 051 480459,http://www.immaginabologna.it/,4.6,20.0,fr
P&P Agency S.r.l,"Via Mazzini, 150, 40138 Bologna BO, Italia",,,,,it
Grimaldi immobiliare,"Via Mazzini, 150/2, 40138 Bologna BO, Italia",,https://www.grimaldibologna.it/,,,it
Agenzia immobiliare Tempocasa Bologna - Barca,"Via della Barca, 2B, 40133 Bologna BO, Italia",+39 051 022 6120,https://tempocasa.it/it/agenzie-immobiliari/bologna/bologna/752-bologna-barca,4.8,326.0,it
Agenzia immobiliare Iconacasa Bologna Santa Viola,"Via Speranza, 37b, 40133 Bologna BO, Italia",+39 051 045 5379,https://www.iconacasa.com/index.php/agenzie/companyproperties/81-iconacasa-bologna-santa-viola,4.8,63.0,it
Immobiliare Duemila Srl - Bologna,"Via Luigi Capuana, 10/4, 40132 Bologna BO, Italia",+39 051 619 4748,http://www.bo2000.it/,4.9,166.0,it
Agenzia immobiliare Iconacasa Bologna Saffi,"Via Vittorio Veneto, 14, 40131 Bologna BO, Italia",+39 051 555258,http://www.iconacasa.com/,3.8,39.0,en
Agenzia immobiliare Iconacasa Bologna Costa Saragozza,"Via Montefiorino, 9a, 40134 Bologna BO, Italia",+39 051 031 1005,https://www.iconacasa.com/index.php/agenzie/companyproperties/14-iconacasa-bologna-costa-saragozza,4.8,67.0,it
Facile Immobiliare - Bologna,"Via Francesco Zanardi, 6, 40013 Bologna BO, Italia",+39 800 202 222,http://www.facileimmobiliare.it/,2.9,19.0,it
Home Agency Di F Khoshnoudi,"Via della Ferriera, 8, 40133 Bologna BO, Italia",+39 347 710 1929,http://www.homeagency.it/,4.2,18.0,it
Mediazioni Immobiliari di Laura Paganelli,"Via della Ghisiliera, 20, 40131 Bologna BO, Italia",+39 338 520 8428,,4.9,15.0,it
Polis Immobiliare del Geom. Andrea Boiani,"Via Battindarno, 151, 40133 Bologna BO, Italia",+39 051 619 8080,https://polisimmobiliare.it/,4.5,74.0,it
Affiliato Toscano Costa Saragozza - Agenzia Immobiliare,"Via Tolmino, 3/A, 40131 Bologna BO, Italia",+39 051 615 4882,https://www.toscano.it/comune-bologna/costa-saragozza?utm_source=google&utm_medium=places&utm_campaign=Google+My+Business#agenzia,4.8,84.0,it
Immobiliare San Pietro,"Via Aurelio Saffi, 13/2a, 40131 Bologna BO, Italia",+39 051 459 8435,http://www.immobiliaresanpietro.it/,4.5,35.0,it
Agenzia immobiliare Iconacasa Bologna Borgo Panigale,"Via Emilia Ponente, 246, 40132 Bologna BO, Italia",+39 051 1992 8450,https://www.iconacasa.com/index.php/agenzie/companyproperties/148-iconacasa-bologna-borgo-panigale,4.8,15.0,it
Homega Immobiliare,"Via Giuseppe Giacosa, 3, 40132 Bologna BO, Italia",+39 051 591864,http://homegaimmobiliare.it/,4.7,47.0,it
Reagent.it,"Via della Pietra, 25a, 40132 Bologna BO, Italia",+39 338 643 6013,https://www.reagent.it/,4.9,54.0,it
Felsina Real Estate,"Via Marco Emilio Lepido, 62/D, 40132 Bologna BO, Italia",+39 328 475 1910,https://felsinarealestate.com/,3.1,7.0,it
Case da favola - Castelli Immobiliare,"Via del Triumvirato, 23/7A, 40132 Bologna BO, Italia",+39 335 704 5981,https://www.casedafavolaimmobiliare.com/,,,it
Affiliato Tecnocasa D.House S.R.L.,"Via Emilia Ponente, 345/F, 40132 Bologna BO, Italia",+39 051 619 2591,https://bologna15.tecnocasa.it/,4.5,75.0,it
Affiliato Tecnocasa Bologna House S.R.L.,"Via Edgar Allan Poe, 2/A, 40132 Bologna BO, Italia",+39 051 009 4147,https://bologna023.tecnocasa.it/,4.9,49.0,en
Agenzia Immobiliare Tempocasa Calderara di Reno,"V. 8 Luglio, 4 B, 40012 Calderara di Reno BO, Italia",+39 051 056 8770,https://tempocasa.it/it/agenzie-immobiliari/bologna/calderara-di-reno/808-calderara-di-reno,4.8,187.0,it
STEFANO CINI IMMOBILIARE,"Via Battindarno, 16/a, 40133 Bologna BO, Italia",+39 051 039 2354,https://www.cinimmobiliare.it/,4.2,117.0,en
Servizi Casa - Agenzia Immobiliare - Gruppo REAGENT,"Via Emilia Ponente, n. 309, 40133 Bologna BO, Italia",+39 338 639 7708,http://www.reagent.it/,3.0,1.0,it
Domus Group,"Via Isonzo, 14, 40033 Casalecchio di Reno BO, Italia",+39 051 639 0245,https://progettocasaservice.it/servizi/agenzia-immobiliare/,4.4,33.0,it
Pegaso,"Via Roma, 43, 40012 Calderara di Reno BO, Italia",+39 051 720122,https://www.artediabitare.it/immobiliare/l-arte-di-abitare-%E2%80%93-agenzia-di-calderara-di-reno-10214.html?language=ita,4.5,44.0,it
Cristallo Immobiliare,"Via Marzabotto, 15/c, 40133 Bologna BO, Italia",+39 051 019 5296,http://cristalloimmobiliare.it/,4.6,14.0,it
Mondocasabo,"V. della Salute, 14/2, 40132 Bologna BO, Italia",+39 051 039 2304,https://mondocasabo.it/,5.0,1.0,it
ROVERSI IMMOBILIARE DI ROVERSI RAFFAELE,"Via Pasubio, 92/q, 40133 Bologna BO, Italia",+39 051 351 4319,http://immobiliare-roversi.it/,4.7,19.0,it
Riccardo Trebbi immobiliare,,+39 392 475 5204,,5.0,6.0,it
Progetto Casa Service,"Via Isonzo, 14, 40033 Casalecchio di Reno BO, Italia",+39 051 412 3845,http://www.progettocasaservice.it/,5.0,26.0,it
Studio Universal,"Via Don Luigi Sturzo, 54d, 40135 Bologna BO, Italia",+39 051 431881,,5.0,10.0,it
Agenzia Immobiliare I Fantini Srl,"Piazza della Pace, 2/C, 40012 Calderara di Reno BO, Italia",+39 051 722763,http://www.ifantini.it/,3.8,23.0,it
Affiliato Tecnocasa Bologna Ponente S.R.L.,"Via Emilia Ponente, 88/A, 40133 Bologna BO, Italia",+39 051 498 4817,https://bologna16.tecnocasa.it/,4.9,31.0,it
Mirco Amidei,"di, Via Risorgimento, 68/A, 40069 Riale BO, Italia",+39 339 794 2267,https://www.immobiliare.it/agenzie-immobiliari/108345/mirco-zola-predosa/?criterio=rilevanza&gclid=CjwKCAiAvK2bBhB8EiwAZUbP1Av0SpbYtquFVzk_eFXQCS_P4Tv1s_NH1a9071EzaCY-_QOn-d6F7hoCzYUQAvD_BwE,4.9,163.0,it
Immobiliare Panigale Di Stefano Schiavone,"Via della Pietra, 8, 40133 Bologna BO, Italia",+39 051 619 9225,,5.0,1.0,it
Loi Immobiliare,"Via G. Mazzini, 35, 40033 Casalecchio di Reno BO, Italia",+39 051 613 3368,http://www.loiimmobiliare.it/,4.6,22.0,it
Affiliato Tecnocasa Metropolis Immobiliare S.R.L. A Socio Unico,"Via della Barca, 36, 40133 Bologna BO, Italia",+39 051 614 2464,https://bologna11.tecnocasa.it/,4.9,130.0,it
Agenzia immobiliare Iconacasa Bologna Barca,"Piazza Clodoveo Bonazzi, 6B-C, 40133 Bologna BO, Italia",+39 051 022 6860,https://www.iconacasa.com/index.php/agenzie/companyproperties/94-iconacasa-bologna-barca,4.8,16.0,it
Palafittalavoro Srl,"Viale Palmiro Togliatti, 21, 40132 Bologna BO, Italia",+39 051 619 9691,http://palafittalavoro.it/,4.0,5.0,it
Agenzia immobiliare Iconacasa Croce di Casalecchio,"Via Porrettana, 110/2 - 112, 40033 Casalecchio di Reno BO, Italia",+39 051 008 7174,http://www.iconacasa.com/index.php/agenzie/companyproperties/44-iconacasa-bologna-croce-di-casalecchio,4.7,52.0,it
Abitarbene,"Via Raffaello Sanzio, 11, 40133 Bologna BO, Italia",+39 051 037 3098,http://immobiliare.it/agenzie-immobiliari/88366/abitarbene-bologna/,4.2,5.0,it
MEGA Immobiliare,"Via Emilia Ponente, 282, 40132 Bologna BO, Italia",+39 351 430 1457,,,,it
Mc Immobiliare Bologna,"Via Speranza, 52/b, 40133 Bologna BO, Italia",+39 331 781 8938,https://www.immobiliare.it/agenzie-immobiliari/245559/mc-bologna/,5.0,11.0,it
Tempocasa Ag.Immobiliare Casalecchio di Reno Croce,"Via Porrettana, 64/3, 40033 Casalecchio di Reno BO, Italia",+39 051 562328,https://www.tempocasacasalecchiocroce.it/,4.8,143.0,it
Gabetti Costa Saragozza,"Via Andrea Costa, 226/2A, 40134 Bologna BO, Italia",+39 051 615 3011,https://www.gabetti.it/casa/vendita/bologna/quartiere-costa-saragozza-saragozza,4.6,29.0,it
FUTURIM Servizi Immobiliari,"Via Agucchi, 106, 40131 Bologna BO, Italia",+39 051 997 4486,http://futurim.it/,3.7,3.0,it
Agenzia immobiliare Gabetti Saffi - Santaviola,"Via Emilia Ponente, 62, 40133 Bologna BO, Italia",+39 051 436994,https://www.gabettipiramide.it/,3.4,8.0,it
Immobiliare Giovetti,"Viale Carlo Pepoli, 78, 40134 Bologna BO, Italia",+39 393 979 5994,http://www.immobiliaregiovetti.com/,4.5,57.0,it
IMMOBILIARE SB,"Via Filippo Turati, 59B, 40134 Bologna BO, Italia",+39 051 097 2921,http://www.immobiliaresb.it/,4.5,2.0,it
Santi Immobiliare,"Via Porrettana, 466/C-D, 40033 Casalecchio di Reno BO, Italia",+39 051 590333,http://www.santi-immobiliare.it/,4.7,136.0,it
Punto Casa Soluzioni Abitative,"Via Aurelio Saffi, 24/a, 40131 Bologna BO, Italia",+39 051 522546,https://puntocasa.bo.it/,4.9,13.0,it
MR MEDIAZIONI IMMOBILIARI,"Mura di Porta Saragozza, 5, 40123 Bologna BO, Italia",+39 340 613 8819,http://mattiaraspanti.it/,5.0,1.0,it
Agenzia Immobiliare Emilcasa,"Via Sabotino, 8, 40131 Bologna BO, Italia",+39 051 433399,http://www.emilcasa.com/,3.2,6.0,it
IL FEUDO IMMOBILIARE,"Via Paolo Giovanni Martini, 38/D, 40134 Bologna BO, Italia",+39 051 615 4525,http://www.ilfeudo.net/,3.6,7.0,it
L'agenzia Bologna Contarini Casa,"Via Porrettana, 148/2E, 40135 Bologna BO, Italia",+39 347 274 7380,http://www.bolognacontarinicasa.it/,4.0,4.0,it
BOCENTRALE IMMOBILIARE,"Via dello Scalo, 10/9, 40131 Bologna BO, Italia",+39 347 915 2126,,4.2,6.0,it
Re Maison,"Via Saragozza, 233/B, 40135 Bologna BO, Italia",+39 340 982 3542,,1.0,1.0,it
Agenzia Immobiliare Boschi Studio F. Boschi Srl,"Via Ottorino Respighi, 5, 40033 Casalecchio di Reno BO, Italia",+39 051 592094,http://www.immobiliareboschi.com/,4.2,63.0,it
PrimeCase Immobiliare | Agenzia Immobiliare Casalecchio di Reno,"Via Porrettana, 310, 40033 Casalecchio di Reno BO, Italia",+39 051 613 2017,https://www.primecaseimmobiliare.it/,4.7,33.0,it
Gruppo Immobiliare Macchelli (Casalecchio di Reno),"Via Bazzanese, 6/3, 40033 Casalecchio di Reno BO, Italia",+39 051 575573,http://www.macchelli.it/,4.3,55.0,it
Gabetti Casalecchio di Reno Croce,"Via Porrettana, 52, 40033 Casalecchio di Reno BO, Italia",+39 051 566589,http://www.gabetticasalecchio.it/,4.4,20.0,it
Agenzia immobiliare Iconacasa Casalecchio di Reno Centro,"Via Guglielmo Marconi, 77/8, 40033 Casalecchio di Reno BO, Italia",+39 051 039 1235,https://www.iconacasa.com/index.php/agenzie/companyproperties/89-iconacasa-casalecchio-di-reno-centro,4.7,38.0,it
Agenzia Immobiliare Tempocasa Casalecchio Di Reno - Centro,"Via G. Garibaldi, 8, 40033 Bologna BO, Italia",+39 051 613 2859,https://tempocasa.it/it/agenzie-immobiliari/bologna/casalecchio-di-reno/212-casalecchio-di-reno-centro,4.7,159.0,it
Loi Immobiliare,"Via Porrettana, 446/4, 40033 Casalecchio di Reno BO, Italia",+39 051 613 0092,https://www.loiimmobiliare.it/,5.0,1.0,it
SAFA immobiliare,"Via Porrettana, 268, 40033 Casalecchio di Reno BO, Italia",+39 051 576767,http://www.immobiliaresafa.it/,3.5,22.0,it
Agenzia immobiliare Iconacasa Bologna San Ruffillo,"Via Toscana, 131, 40141 Bologna BO, Italia",+39 051 484 7902,https://www.iconacasa.com/index.php/agenzie/companyproperties/60-iconacasa-bologna-san-ruffillo,5.0,29.0,it
Agenzia immobiliare Tempocasa Bologna - Murri,"Via Augusto Murri, 120 D, 40137 Bologna BO, Italia",+39 331 540 9346,https://tempocasa.it/it/agenzie-immobiliari/bologna/bologna/605-bologna-murri,4.6,241.0,it
110 Immobiliare,,+39 329 887 3021,http://www.110immobiliare.it/,5.0,29.0,it
MF Immobiliare,,,https://www.idealista.it/pro/immobiliare-maria-fiorani-case,5.0,1.0,it
TeleWebCasa Agenzie Immobiliari,"Via Augusto Murri, 131, 40137 Bologna BO, Italia",+39 051 623 8216,http://www.telewebcasa.it/,4.5,30.0,it
Agenzia Gabetti Bologna Toscana - Elite Real Estate Srl,"Via Toscana, 56/h, 40141 Bologna BO, Italia",+39 051 484 7967,https://www.immobiliare.it/agenzie-immobiliari/435537/gabetti-franchising-bologna-toscana/,4.4,34.0,it
Ibi Curti Srl,"Via degli Orti, 8/d, Via Faustino Malaguti, 15/2, 40137 Bologna BO, Italia",+39 051 244155,http://www.ibicurti.it/,4.7,123.0,it
Degli Esposti Studio Immobiliare,"Via Siepelunga, 47/2, 40137 Bologna BO, Italia",+39 051 623 0000,http://www.studiodegliesposti.it/,3.0,42.0,it
ATECACASA BOLOGNA MAZZINI,"Via Mazzini, 142, Via Antonio Bondi, 1, 40138 Bologna BO, Italia",+39 353 426 4738,https://www.atecacasa.com/,5.0,2.0,it
Abita Servizi Immobiliari,"Via Laura Bassi Veratti, 25/B, 40137 Bologna BO, Italia",+39 051 636 0725,https://www.abitabologna.it/,4.5,40.0,it
ABITO Lab Immobiliare,"Via Augusto Murri, 185C, 40137 Bologna BO, Italia",+39 051 441256,https://www.abitobologna.it/,4.6,21.0,it
Status Immobiliare srl,"Via Leandro Alberti, 53, 40137 Bologna BO, Italia",+39 051 392299,http://www.statusimmobiliare.it/,4.2,36.0,it
Garisenda Immobiliare,"Via degli Orti, 25/G, 40137 Bologna BO, Italia",+39 051 463373,http://www.garisendaimmobiliare.it/,4.0,24.0,it
CASE 4.0,"Via Laura Bassi Veratti, 11/2, 40137 Bologna BO, Italia",+39 051 952 7187,https://www.case4punto0.it/,4.5,41.0,it
BHOME Immobiliare- Agenzia Immobiliare,"Via Emilia Levante, 22/C, 40137 Bologna BO, Italia",+39 051 484 3865,http://www.bhomegroup.it/,4.3,12.0,it
Elena De Marco Immobiliare,"Via Augusto Murri, 39, 40137 Bologna BO, Italia",+39 339 794 6658,http://www.elenademarcoimmobiliare.it/,4.4,9.0,it
Affitta Presto Bologna,"Via Emilia Levante, 31/E, 40137 Bologna BO, Italia",+39 051 484 7404,http://www.affittapresto.it/agenzieimmobiliari/4769010-Affitta-Presto-Bologna-2.html,4.1,38.0,it
Immobiliare Corte Casa S.r.l,"Via Leandro Alberti, 14/1, 40137 Bologna BO, Italia",+39 347 391 0314,,4.1,7.0,it
S&M Servizi e Mediazioni Immobiliari,"Via Laura Bassi Veratti, 11/2d, 40137 Bologna BO, Italia",+39 338 873 9837,https://www.immobiliare.it/agenzie-immobiliari/80597/s-e-m-bologna/,4.4,7.0,it
Agenzia immobiliare Iconacasa Bologna Savena,"Via Bellaria, 1/D, 40139 Bologna BO, Italia",+39 051 003 9028,https://www.iconacasa.com/index.php/agenzie/companyproperties/33-iconacasa-bologna-savena,4.1,41.0,it
OraDimora,"Via Parisio, 14/b, 40137 Bologna BO, Italia",+39 345 503 4211,https://www.oradimora.it/,5.0,10.0,it
Gabetti Bologna Porta S. Stefano,"Via Augusto Murri, 20/A, 40137 Bologna BO, Italia",+39 051 498 9858,https://www.gabetti.it/agenzia/bologna-porta-santo-stefano,5.0,28.0,it
IMMOBILIARE BAIESI dal 1983 - Immobiliare a San Lazzaro di Savena,"Via della Repubblica, 3C, Via della Repubblica, 68, 40068 San Lazzaro di Savena BO, Italia",+39 051 455564,https://immobiliarebaiesi.com/,4.9,104.0,it
Agenzia immobiliare Iconacasa Bologna San Vitale,"Via Giuseppe Massarenti, 54/b, 40138 Bologna BO, Italia",+39 051 636 0604,http://www.iconacasa.com/,3.5,26.0,it
Agenzia Immobiliare Dove.it Bologna,"Via Vincenzo Gemito, 17/a, 40139 Bologna BO, Italia",+39 327 207 4613,https://www.dove.it/agenzie-immobiliari/bologna?utm_source=google&utm_medium=organic&utm_campaign=gmb-link,4.6,11.0,it
M.B. Immobiliare S.r.l.,"Via Savena Antico, 1, 40139 Bologna BO, Italia",+39 334 884 1773,http://www.mbgroup.it/,4.1,14.0,it
Gabetti Savena,"Via Firenze, 6/d, 40139 Bologna BO, Italia",+39 333 821 1270,https://www.gabetti.it/agenzia/bologna-savena,5.0,56.0,it
Affiliato Tecnocasa Studio Bologna Uno S.R.L.,"Via Giuseppe Massarenti, 75/C, 40138 Bologna BO, Italia",+39 051 056 2490,https://bologna19.tecnocasa.it/,4.8,76.0,it
Gentili Immobiliare,"Via Azzurra, 41, 40138 Bologna BO, Italia",+39 051 001 8208,https://www.gentiliimmobiliare.it/,5.0,5.0,it
Gianluigi Scarpino Immobiliare,"Via Renato Torreggiani, 4, 40068 San Lazzaro di Savena BO, Italia",+39 051 485 6162,http://www.scarpinoimmobiliare.com/,4.9,423.0,it
Azienda Immobiliare,"Via Carlo Jussi, 79D, 40068 San Lazzaro di Savena BO, Italia",+39 051 454133,https://www.aziendaimmobiliare.it/,4.5,31.0,en
MONDORE | Agenzia Immobiliare San Lazzaro,"Via Emilia, 173B, 40068 San Lazzaro di Savena BO, Italia",+39 051 728890,http://www.mondore.it/,4.8,99.0,it
CentroCasa,"SS 9 Via Emilia, 135, 40068 San Lazzaro di Savena BO, Italia",+39 051 023 2521,http://www.centrocasasl.it/,4.9,285.0,it
Azienda Immobiliare - Agenzia Immobiliare - Studio San Lazzaro S.R.L.,"Via Emilia, 54, 40068 San Lazzaro di Savena BO, Italia",+39 051 455698,http://www.aziendaimmobiliare.it/,4.1,18.0,it
Agenzia Immobiliare Tempocasa San Lazzaro di Savena,"Via Emilia, 166/D, 40068 San Lazzaro di Savena BO, Italia",+39 051 453762,https://www.tempocasasanlazzarodisavena.it/,4.7,338.0,it
GABETTI IMMOBILIARE SAN LAZZARO,"Via Emilia, 247C, 40068 San Lazzaro di Savena BO, Italia",+39 051 455182,https://www.gabetti.it/agenzia/san-lazzaro-di-savena,4.5,26.0,it
Casainfo,"Via Carlo Jussi, 9, 40068 San Lazzaro di Savena BO, Italia",+39 351 520 0117,https://casainfo.eu/,4.7,21.0,it
Civitas Intermediazioni e Servizi Immobiliari,"Via Emilia, 167, 40068 San Lazzaro di Savena BO, Italia",+39 051 453090,http://civitasintermediazioni.com/,5.0,6.0,it
ABITO Lab Immobiliare,"Via Firenze, 8/b, 40139 Bologna BO, Italia",+39 051 441256,http://www.abitobologna.it/,4.8,24.0,it
Pagani Immobiliare,"Via Papa Giovanni XXIII, 1, 40068 San Lazzaro di Savena BO, Italia",+39 051 627 2012,http://www.paganiimmobiliare.it/,4.4,24.0,it
Felsina Real Estate Agenzia Savena,"Via Bellaria, 34, 40139 Bologna BO, Italia",+39 051 622 6702,http://www.felsinarealestate.com/,,,it
Agenzia immobiliare Kapitalre San Lazzaro di Savena,"Via Emilia, 165/D, 40068 San Lazzaro di Savena BO, Italia",+39 051 624 1636,https://kapitalre.it/,5.0,2.0,it
DG Immobiliare,"Via Emilia, 370, 40068 San Lazzaro di Savena BO, Italia",+39 340 587 2379,https://www.dgimmobiliare.net/,5.0,8.0,it
Perry Casa Di Simone Perrina,"Via Piacenza, 3/D, 40139 Bologna BO, Italia",+39 329 217 9822,https://perrycasaimmobiliare-it.cms.webnode.it/,4.3,12.0,it
Agenzia Immobiliare Calzoni S.,"Via della Repubblica, 26, 40068 San Lazzaro di Savena BO, Italia",+39 051 095 3717,,3.7,39.0,it
Agenzia immobiliare Tempocasa San Lazzaro di Savena,,+39 051 454549,https://tempocasa.it/it/agenzie-immobiliari/bologna/san-lazzaro-di-savena/209-san-lazzaro-di-savena,4.0,28.0,it
Affiliato Tecnocasa San Lazzaro S.N.C.,"Via Emilia, 137, 40068 San Lazzaro di Savena BO, Italia",+39 051 453073,https://sanlazzarodisavena2.tecnocasa.it/,4.9,117.0,it
Boutique investimenti San Lazzaro Centro,"Via Carlo Jussi, 16A, 40068 San Lazzaro di Savena BO, Italia",+39 366 402 2037,https://www.casa.it/agenzie/boutique-investimenti-immobiliari-1053120/,2.5,2.0,it
Casa dei professionisti immobiliare - Agenzia 2,"Via del Borgo di S. Pietro, 135, 40126 Bologna BO, Italia",+39 051 664 7833,http://www.casadeiprofessionisti.it/,3.9,10.0,it
Felsina Real Estate,"Via Aurelio Saffi, 16/A, 40131 Bologna BO, Italia",+39 051 484 5073,https://felsinarealestate.com/,3.9,25.0,it
Scannavini Immobiliare,"Via Toscana, 150, 40141 Bologna BO, Italia",+39 347 231 0899,https://www.immobiliare.it/agenzie-immobiliari/419319/scannavini-bologna/,5.0,24.0,it
Attika immobiliare,"Via Toscana, 1, 40141 Bologna BO, Italia",+39 051 623 7500,http://www.immobiliare.it/agenzie-immobiliari/86806/attika-bologna/,3.9,7.0,it
Damiano Losco,"Via Umberto Giordano, 11, 40141 Bologna BO, Italia",+39 392 296 8048,http://www.damianolosco.it/,4.2,25.0,it
DC IMMOBILIARE,"Via Benedetto Marcello, 10/e, 40141 Bologna BO, Italia",+39 375 736 3125,,,,it
Helity,"Via Toscana, 2/E/F, 40141 Bologna BO, Italia",+39 051 095 4384,https://helity.smoobu.net/it/,4.5,8.0,it
Altromondo Studio Immobiliare,"Via Brizzi, 5, 40068 Ponticella BO, Italia",+39 328 861 8775,,5.0,18.0,it
Felsina Real Estate,"Via Augusto Murri, 168a, 40137 Bologna BO, Italia",+39 051 037 5749,https://felsinarealestate.com/,5.0,2.0,it
DESIDERATA domus,"Via Giuseppe Dozza, 3, 40139 Bologna BO, Italia",+39 051 054 8719,http://www.desideratadomus.it/,5.0,9.0,it
Lorena Ceccacci Immobiliare ( si riceve SOLO su appuntamento ),"Via Udine, 3/2, 40139 Bologna BO, Italia",+39 339 724 5757,https://lorenaceccacciimmobiliare.com/home,5.0,7.0,it
Gabetti Bologna Murri - Agenzia Immobiliare,"Via Giuseppe Dagnini, 1d, 40137 Bologna BO, Italia",+39 051 623 7971,https://www.gabetti.it/agenzia/bologna-murri,2.3,3.0,it
